Angebotsnummer,Bezeichnung,Credits,Prüfungsvorlage,Veranstaltungstyp,Dozierende,Sprache
BA-BUS-M01-F01,Einführung in die Betriebswirtschaftslehre - Einführung in die Betriebswirtschaftslehre 1,0,Kombinierte Prüfung,seminaristischer Unterricht,Prof. Dr. B. Peter Utzig / Prof. Dr. Frank Witte,Deutsch
BA-BUS-M01-F01,Einführung in die Betriebswirtschaftslehre - Einführung in die Betriebswirtschaftslehre 2,0,Kombinierte Prüfung,seminaristischer Unterricht,Prof. Dr. Solveig Reißig-Thust / Prof. Dr. oec. Thomas Gruber,Deutsch
BA-BUS-M01-F01,Einführung in die Betriebswirtschaftslehre - Einführung in die Betriebswirtschaftslehre 3,0,Kombinierte Prüfung,seminaristischer Unterricht,Prof. Dr. rer. Harald Rüggeberg / Prof. Dr. Janina Bogajewskaja,Deutsch
BA-BUS-M01-F01,Einführung in die Betriebswirtschaftslehre - Einführung in die Betriebswirtschaftslehre 4 Blended,0,Kombinierte Prüfung,seminaristischer Unterricht,Prof. Dr. Christoph Manuel Meyer,Deutsch
BA-BUS-M01-F01,Einführung in die Betriebswirtschaftslehre - Einführung in die Betriebswirtschaftslehre 5 - Kurs für Wiederholende,0,Kombinierte Prüfung,seminaristischer Unterricht,Prof. Dr. rer. Christian Noss / Prof. Dr. Wojciech Stiller,Deutsch
BA-BUS-M01-F02,Projektmanagement - Projektmanagement 1,2.5,Kombinierte Prüfung,seminaristischer Unterricht,Felix Wieduwilt,Deutsch
BA-BUS-M01-F02,Projektmanagement - Projektmanagement 2,2.5,Kombinierte Prüfung,seminaristischer Unterricht,Tobias Bily,Deutsch
BA-BUS-M01-F02,Projektmanagement - Projektmanagement 3,2.5,Kombinierte Prüfung,seminaristischer Unterricht,Andre Eggert,Deutsch
BA-BUS-M01-F02,Projektmanagement - Projektmanagement 4,2.5,Kombinierte Prüfung,seminaristischer Unterricht,Ilias Baltzis,Deutsch
BA-BUS-M01-F02,Projektmanagement - Projektmanagement 5,2.5,Kombinierte Prüfung,seminaristischer Unterricht,Prof. Dr. Axel Zernack,Deutsch
BA-BUS-M01-F02,Projektmanagement - Projektmanagement 6,2.5,Kombinierte Prüfung,seminaristischer Unterricht,Fabian Schwarz,Deutsch
BA-BUS-M01-F02,Projektmanagement - Projektmanagement 7 Blended,2.5,Kombinierte Prüfung,seminaristischer Unterricht,Dr. Herbert Goestl,Deutsch
BA-BUS-M01-F02,Projektmanagement - Projektmanagement 8 Blended,2.5,Kombinierte Prüfung,seminaristischer Unterricht,Fabian Schwarz,Deutsch
BA-BUS-M01-F03,Wissenschaftliches Arbeiten - Wissenschaftliches Arbeiten 1,2.5,Kombinierte Prüfung,seminaristischer Unterricht,Susanne Föhse-Hiltmann,Deutsch
BA-BUS-M01-F03,Wissenschaftliches Arbeiten - Wissenschaftliches Arbeiten 2,2.5,Kombinierte Prüfung,seminaristischer Unterricht,Dr. Albrecht Heinrici,Deutsch
BA-BUS-M01-F03,Wissenschaftliches Arbeiten - Wissenschaftliches Arbeiten 3,2.5,Kombinierte Prüfung,seminaristischer Unterricht,Dr. Giorgos Christonakis,Deutsch
BA-BUS-M01-F03,Wissenschaftliches Arbeiten - Wissenschaftliches Arbeiten 4,2.5,Kombinierte Prüfung,seminaristischer Unterricht,Leo Witowski,Deutsch
BA-BUS-M01-F03,Wissenschaftliches Arbeiten - Wissenschaftliches Arbeiten 5,2.5,Kombinierte Prüfung,seminaristischer Unterricht,Ilias Baltzis,Deutsch
BA-BUS-M01-F03,Wissenschaftliches Arbeiten - Wissenschaftliches Arbeiten 6,2.5,Kombinierte Prüfung,seminaristischer Unterricht,Prof. Dr. Axel Zernack,Deutsch
BA-BUS-M01-F03,Wissenschaftliches Arbeiten - Wissenschaftliches Arbeiten 7,2.5,Kombinierte Prüfung,seminaristischer Unterricht,Leo Witowski,Deutsch
BA-BUS-M02-F01,Personal und Organisation - Personal und Organisation 1,5,Kombinierte Prüfung,seminaristischer Unterricht,Dr. Manuela E. Nork-Schürger,Deutsch
BA-BUS-M02-F01,Personal und Organisation - Personal und Organisation 2,5,Kombinierte Prüfung,seminaristischer Unterricht,Patrick Lange,Deutsch
BA-BUS-M02-F01,Personal und Organisation - Personal und Organisation 3,5,Kombinierte Prüfung,seminaristischer Unterricht,Rüdiger Hans Erdmann,Deutsch
BA-BUS-M02-F01,Personal und Organisation - Personal und Organisation 4,5,Kombinierte Prüfung,seminaristischer Unterricht,Dr. Katharina Harsch,Deutsch
BA-BUS-M02-F01,Personal und Organisation - Personal und Organisation 5,5,Kombinierte Prüfung,seminaristischer Unterricht,Heike Wolf,Deutsch
BA-BUS-M02-F01,Personal und Organisation - Human Resources and Organisation 6,5,Kombinierte Prüfung,seminaristischer Unterricht,John C. Davis,Deutsch
BA-BUS-M02-F01,Personal und Organisation - Human Resources and Organisation 7,5,Kombinierte Prüfung,seminaristischer Unterricht,John C. Davis,Deutsch
BA-BUS-M02-F01,Personal und Organisation - Personal und Organisation 8 Blended,5,Kombinierte Prüfung,seminaristischer Unterricht,Dr. Katharina Harsch,Deutsch
BUS-M02-F01,Personal und Organisation - Personal und Organisation 1,5,Kombinierte Prüfung,seminaristischer Unterricht,Prof. Dr. Christine Gockel,Deutsch
BUS-M02-F01,Personal und Organisation - Personal und Organisation 2,5,Kombinierte Prüfung,seminaristischer Unterricht,Patrick Lange,Deutsch
BUS-M02-F01,Personal und Organisation - Personal und Organisation 3,5,Kombinierte Prüfung,seminaristischer Unterricht,Frederik Kupitz,Deutsch
BA-BUS-M03-F01,Investition und Finanzierung - Investition und Finanzierung 1,5,Klausur,seminaristischer Unterricht,David Müller,Deutsch
BA-BUS-M03-F01,Investition und Finanzierung - Investition und Finanzierung 2,5,Klausur,seminaristischer Unterricht,Prof. Dr. Martin Uzik,Deutsch
BA-BUS-M03-F01,Investition und Finanzierung - Principles of Corporate Finance 3,5,Klausur,seminaristischer Unterricht,Prof. Dr. Marc Crummenerl,Deutsch
BA-BUS-M03-F01,Investition und Finanzierung - Principles of Corporate Finance 4,5,Klausur,seminaristischer Unterricht,Rodolfo Selem,Deutsch
BA-BUS-M03-F01,Investition und Finanzierung - Investition und Finanzierung 5 - Kurs für Wiederholende,5,Klausur,seminaristischer Unterricht,Prof. Dr. Ursula Walther,Deutsch
BUS-M03-F01,Investition und Finanzierung - Investition und Finanzierung 1,5,Klausur,seminaristischer Unterricht,Prof. Dr. Axel Hellmann,Deutsch
BUS-M03-F01,Investition und Finanzierung - Investition und Finanzierung 2,5,Klausur,seminaristischer Unterricht,Prof. Dr. Thomas Wolke,Deutsch
BUS-M03-F01,Investition und Finanzierung - Investition und Finanzierung 3,5,Klausur,seminaristischer Unterricht,Dr. Maciej Merkel,Deutsch
BUS-M03-F01,Investition und Finanzierung - Investition und Finanzierung 4 Abend,5,Klausur,seminaristischer Unterricht,Reinhard Borck,Deutsch
BUS-M03-F01,Investition und Finanzierung - Principles of Corporate Finance 5,5,Klausur,seminaristischer Unterricht,Ayoze Alfageme,Deutsch
BUS-M03-F01,Investition und Finanzierung - Investition und Finanzierung 6 - Kurs für Wiederholende,5,Klausur,seminaristischer Unterricht,Prof. Dr. Ursula Walther,Deutsch
BA-BUS-M04-F01,Marketing - Marketing 1,5,Klausur,seminaristischer Unterricht,Prof. Dr. Tobias Naujoks,Deutsch
BA-BUS-M04-F01,Marketing - Marketing 2,5,Klausur,seminaristischer Unterricht,Prof. Dr. rer. Pakize Schuchert-Güler,Deutsch
BA-BUS-M04-F01,Marketing - Marketing 3 (Englisch),5,Klausur,seminaristischer Unterricht,Dr. Stefanie Dänzler,Englisch
BA-BUS-M04-F01,Marketing - Marketing 4 (Englisch),5,Klausur,seminaristischer Unterricht,Dr. Michael Unkel,Englisch
BA-BUS-M04-F01,Marketing - Marketing 5 Blended,5,Klausur,seminaristischer Unterricht,Susanne Föhse-Hiltmann,Deutsch
BUS-M04-F01,Marketing - Marketing 1,5,Klausur,seminaristischer Unterricht,Prof. Dr. rer. Pakize Schuchert-Güler,Deutsch
BUS-M04-F01,Marketing - Marketing 2,5,Klausur,seminaristischer Unterricht,Saskia Kramer,Deutsch
BUS-M04-F01,Marketing - Marketing 3 Blended,5,Klausur,seminaristischer Unterricht,Marvin Vogt,Deutsch
BUS-M04-F01,Marketing - Marketing 4 (Englisch),5,Klausur,seminaristischer Unterricht,Dr. Stefanie Dänzler,Englisch
BUS-M04-F01,Marketing - Marketing 5 (Englisch),5,Klausur,seminaristischer Unterricht,Dr. rer. pol. Philip Meier,Englisch
BA-BUS-M05-F01,Externes Rechnungswesen - Externes Rechnungswesen 1,5,Klausur,seminaristischer Unterricht,Prof. Dr. Nadja Jehle,Deutsch
BA-BUS-M05-F01,Externes Rechnungswesen - Externes Rechnungswesen 2,5,Klausur,seminaristischer Unterricht,Rifat Idris-Barni,Deutsch
BA-BUS-M05-F01,Externes Rechnungswesen - Externes Rechnungswesen 3,5,Klausur,seminaristischer Unterricht,Olaf-Erwin Jupitz,Deutsch
BA-BUS-M05-F01,Externes Rechnungswesen - Externes Rechnungswesen 4 Blended,5,Klausur,seminaristischer Unterricht,Prof. Dr. Hans Lieck,Deutsch
BA-BUS-M05-F01,Externes Rechnungswesen - Externes Rechnungswesen 5 Kurs für Wiederholende,5,Klausur,seminaristischer Unterricht,Prof. Dr. Hans Lieck,Deutsch
BUS-M05-F01,Grundlagen des externen Rechnungswesens - Grundlagen des externen Rechnungswesens 1,5,Klausur,seminaristischer Unterricht,Olaf-Erwin Jupitz,Deutsch
BUS-M05-F01,Grundlagen des externen Rechnungswesens - Grundlagen des externen Rechnungswesens 2,5,Klausur,seminaristischer Unterricht,Jörg Leu,Deutsch
BUS-M05-F01,Grundlagen des externen Rechnungswesens - Grundlagen des externen Rechnungswesens 3,5,Klausur,seminaristischer Unterricht,Prof. Dr. Nadja Jehle,Deutsch
BUS-M05-F01,Grundlagen des externen Rechnungswesens - Grundlagen des externen Rechnungswesens 4 - Kurs für Wiederholer,5,Klausur,seminaristischer Unterricht,Prof. Dr. Hans Lieck,Deutsch
BA-BUS-M06-F01,Internes Rechnungswesen - Internes Rechnungswesen 1,5,Klausur,seminaristischer Unterricht,Prof. Dr. Frank Witte,Deutsch
BA-BUS-M06-F01,Internes Rechnungswesen - Internes Rechnungswesen 2,5,Klausur,seminaristischer Unterricht,Prof. Dr. Frank Witte,Deutsch
BA-BUS-M06-F01,Internes Rechnungswesen - Internes Rechnungswesen 3,5,Klausur,seminaristischer Unterricht,Heike Wolf,Deutsch
BA-BUS-M06-F01,Internes Rechnungswesen - Internes Rechnungswesen 4,5,Klausur,seminaristischer Unterricht,Frederik Kupitz,Deutsch
BA-BUS-M06-F01,Internes Rechnungswesen - Internes Rechnungswesen 5,5,Klausur,seminaristischer Unterricht,Prof. Dr. Axel Zernack,Deutsch
BA-BUS-M06-F01,Internes Rechnungswesen - Internes Rechnungswesen 6,5,Klausur,seminaristischer Unterricht,Kenan Arkan,Deutsch
BA-BUS-M06-F01,Internes Rechnungswesen - Internes Rechnungswesen 7,5,Klausur,seminaristischer Unterricht,Kenan Arkan,Deutsch
BA-BUS-M06-F01,Internes Rechnungswesen - Internes Rechnungswesen 8 Blended,5,Klausur,seminaristischer Unterricht,Prof. Dr. B. Peter Utzig,Deutsch
BA-BUS-M06-F01,Internes Rechnungswesen - Internes Rechnungswesen 9 - Kurs für Wiederholer,5,Klausur,seminaristischer Unterricht,Prof. Dr. Ulf Diefenbach,Deutsch
BUS-M06-F01,Grundlagen des internen Rechnungswesens/Controllings - Grundlagen des internen Rechnungswesens/Controllings 1,5,Klausur,seminaristischer Unterricht,Prof. Dr. Ulf Diefenbach,Deutsch
BUS-M06-F01,Grundlagen des internen Rechnungswesens/Controllings - Grundlagen des internen Rechnungswesens/Controllings 2,5,Klausur,seminaristischer Unterricht,Thomas Neumann,Deutsch
BUS-M06-F01,Grundlagen des internen Rechnungswesens/Controllings - Grundlagen des internen Rechnungswesens/Controllings 3,5,Klausur,seminaristischer Unterricht,Matthias Schubert,Deutsch
BUS-M06-F01,Grundlagen des internen Rechnungswesens/Controllings - Grundlagen des internen Rechnungswesens/Controllings 4 Blended,5,Klausur,seminaristischer Unterricht,Prof. Dr. B. Peter Utzig,Deutsch
BUS-M06-F01,Grundlagen des internen Rechnungswesens/Controllings - Grundlagen des internen Rechnungswesens/Controllings 5 Abend,5,Klausur,seminaristischer Unterricht,Anne Schlachter,Deutsch
BUS-M06-F01,Grundlagen des internen Rechnungswesens/Controllings - Grundlagen des internen Rechnungswesens/Controllings 6 - Kurs für Wiederholer,5,Klausur,seminaristischer Unterricht,Prof. Dr. Ulf Diefenbach,Deutsch
BA-BUS-M07-F01,Unternehmensbesteuerung - Unternehmensbesteuerung 1,5,Klausur,seminaristischer Unterricht,Mirco Schoening,Deutsch
BA-BUS-M07-F01,Unternehmensbesteuerung - Unternehmensbesteuerung 2,5,Klausur,seminaristischer Unterricht,Prof. Dr. phil. Achim Grawert,Deutsch
BA-BUS-M07-F01,Unternehmensbesteuerung - Unternehmensbesteuerung 3,5,Klausur,seminaristischer Unterricht,Daniela Wiesner,Deutsch
BA-BUS-M07-F01,Unternehmensbesteuerung - Unternehmensbesteuerung 4,5,Klausur,seminaristischer Unterricht,Dr. jur. Daniel Rüscher,Deutsch
BUS-M07-F01,Grundlagen der Unternehmensbesteuerung - Grundlagen der Unternehmensbesteuerung 1,5,Klausur,seminaristischer Unterricht,Dr. Johannes Martens,Deutsch
BUS-M07-F01,Grundlagen der Unternehmensbesteuerung - Grundlagen der Unternehmensbesteuerung 2,5,Klausur,seminaristischer Unterricht,Peter Zeitschel,Deutsch
BUS-M07-F01,Grundlagen der Unternehmensbesteuerung - Grundlagen der Unternehmensbesteuerung 3 Blended,5,Klausur,seminaristischer Unterricht,Daniela Wiesner,Deutsch
BUS-M07-F01,Grundlagen der Unternehmensbesteuerung - Grundlagen der Unternehmensbesteuerung 4 Abend,5,Klausur,seminaristischer Unterricht,Peter Zeitschel,Deutsch
BA-BUS-M08-F01,Instrumente des Controllings - Instrumente des Controllings 1,5,Klausur,seminaristischer Unterricht,Prof. Dr. Ulf Diefenbach,Deutsch
BA-BUS-M08-F01,Instrumente des Controllings - Instrumente des Controllings 2,5,Klausur,seminaristischer Unterricht,Andre Eggert,Deutsch
BA-BUS-M08-F01,Instrumente des Controllings - Instrumente des Controllings 3,5,Klausur,seminaristischer Unterricht,Prof. Dr. Axel Zernack,Deutsch
BA-BUS-M08-F01,Instrumente des Controllings - Instrumente des Controllings 4,5,Klausur,seminaristischer Unterricht,Mario Karp,Deutsch
BA-BUS-M08-F01,Instrumente des Controllings - Instrumente des Controllings 5,5,Klausur,seminaristischer Unterricht,Jörg Leu,Deutsch
BA-BUS-M08-F01,Instrumente des Controllings - Instrumente des Controllings 6,5,Klausur,seminaristischer Unterricht,Peter Merz,Deutsch
BA-BUS-M08-F01,Instrumente des Controllings - Management Accounting and Controlling 7,5,Klausur,seminaristischer Unterricht,Prof. Dr. Michael Faustino Bauer,Deutsch
BUS-M08-F01,Instrumente des Controllings - Instrumente des Controllings 1,5,Klausur,seminaristischer Unterricht,Prof. Dr. Ulf Diefenbach,Deutsch
BUS-M08-F01,Instrumente des Controllings - Instrumente des Controllings 2 Blended,5,Klausur,seminaristischer Unterricht,Prof. Dr. Solveig Reißig-Thust,Deutsch
BUS-M08-F01,Instrumente des Controllings - Instrumente des Controllings 3 Abend,5,Klausur,seminaristischer Unterricht,Dr. Christian Schneider,Deutsch
BA-BUS-M09-F01,Strategisches Management - Strategisches Management 1,5,Mündliche Prüfung (P),seminaristischer Unterricht,Dr. Jessica Di Bella,Deutsch
BA-BUS-M09-F01,Strategisches Management - Strategisches Management 2,5,Mündliche Prüfung (P),seminaristischer Unterricht,Dr. Khalil Dindarian,Deutsch
BA-BUS-M09-F01,Strategisches Management - Strategisches Management 3,5,Mündliche Prüfung (P),seminaristischer Unterricht,Dr. Marco de Queiroz Gama,Deutsch
BA-BUS-M09-F01,Strategisches Management - Strategisches Management 4,5,Mündliche Prüfung (P),seminaristischer Unterricht,Dr. Khalil Dindarian,Deutsch
BA-BUS-M09-F01,Strategisches Management - Strategisches Management 5,5,Mündliche Prüfung (P),seminaristischer Unterricht,Dr. Manuela E. Nork-Schürger,Deutsch
BA-BUS-M09-F01,Strategisches Management - Strategic Management 6,5,Mündliche Prüfung (P),seminaristischer Unterricht,Prof. Dr. Caroline V. Rudzinska,Deutsch
BA-BUS-M09-F01,Strategisches Management - Strategic Management 7,5,Mündliche Prüfung (P),seminaristischer Unterricht,Ertan Gönülal,Deutsch
BUS-M09-F01,Strategisches Management - Strategisches Management 1,5,Mündliche Prüfung (P),seminaristischer Unterricht,Dr. Marco de Queiroz Gama / Ulrich Stirn,Deutsch
BUS-M09-F01,Strategisches Management - Strategisches Management 2,5,Mündliche Prüfung (P),seminaristischer Unterricht,Prof. Dr. Jochen Breinlinger-O'Reilly / Jörg Nielandt,Deutsch
BUS-M09-F01,Strategisches Management - Strategisches Management 3 Blended,5,Mündliche Prüfung (P),seminaristischer Unterricht,Dr. Sebastian Block / Dr. Wolfgang Marfels,Deutsch
BUS-M09-F01,Strategisches Management - Strategic Management 4,5,Mündliche Prüfung (P),seminaristischer Unterricht,Dr. Giorgi Shuradze,Deutsch
BA-BUS-M10-F01,Operations Management - Operations Management 1,5,Kombinierte Prüfung,seminaristischer Unterricht,Prof. Dr. Marc Rothländer,Deutsch
BA-BUS-M10-F01,Operations Management - Operations Management 2,5,Kombinierte Prüfung,seminaristischer Unterricht,Harald Pflughaupt,Deutsch
BA-BUS-M10-F01,Operations Management - Operations Management 3 (Englisch),5,Kombinierte Prüfung,seminaristischer Unterricht,John C. Davis,Englisch
BA-BUS-M10-F01,Operations Management - Operations Management 4 (Englisch),5,Kombinierte Prüfung,seminaristischer Unterricht,Martin Bodo Pruy,Englisch
BUS-M10-F01,Operations Management - Operations Management 1,5,Kombinierte Prüfung,seminaristischer Unterricht,Thomas Seidl,Deutsch
BUS-M10-F01,Operations Management - Operations Management 2,5,Kombinierte Prüfung,seminaristischer Unterricht,Prof. Dr. Eberhard Schmid,Deutsch
BUS-M10-F01,Operations Management - Operations Management 3 Blended,5,Kombinierte Prüfung,seminaristischer Unterricht,Prof. Dr. Christoph Manuel Meyer,Deutsch
BUS-M11-F01,Unternehmenssimulation und Teamentwicklung - Unternehmenssimulation und Teamentwicklung 1,5,Leistungstest (undifferenziert),Praktische Übung,Prof. Dr. Martina Eberl / Robert Dabitz,Deutsch
BUS-M11-F01,Unternehmenssimulation und Teamentwicklung - Unternehmenssimulation und Teamentwicklung 2,5,Leistungstest (undifferenziert),Praktische Übung,Prof. Dr. rer. Harald Rüggeberg / Michael Siegert,Deutsch
BUS-M11-F01,Unternehmenssimulation und Teamentwicklung - Unternehmenssimulation und Teamentwicklung 3,5,Leistungstest (undifferenziert),Praktische Übung,Prof. Dr. rer. Christian Noss / Prof. Dr. Katrin Böttcher,Deutsch
BUS-M11-F01,Unternehmenssimulation und Teamentwicklung - Unternehmenssimulation und Teamentwicklung 4,5,Leistungstest (undifferenziert),Praktische Übung,Prof. Dr. B. Peter Utzig / Prof. Dr. Frank Witte,Deutsch
BUS-M11-F01,Unternehmenssimulation und Teamentwicklung - Unternehmenssimulation und Teamentwicklung 5,5,Leistungstest (undifferenziert),Praktische Übung,Prof. Dr. Martina Eberl / Robert Dabitz,Deutsch
BUS-M11-F01,Unternehmenssimulation und Teamentwicklung - Unternehmenssimulation und Teamentwicklung 6,5,Leistungstest (undifferenziert),Praktische Übung,Prof. Dr. rer. Harald Rüggeberg / Michael Siegert,Deutsch
BUS-M11-F01,Unternehmenssimulation und Teamentwicklung - Unternehmenssimulation und Teamentwicklung 7,5,Leistungstest (undifferenziert),Praktische Übung,Prof. Dr. Thomas Wolke,Deutsch
BUS-M11-F01,Unternehmenssimulation und Teamentwicklung - Unternehmenssimulation und Teamentwicklung 8,5,Leistungstest (undifferenziert),Praktische Übung,Prof. Dr. Frank Witte / Prof. Dr. Madeleine Janke,Deutsch
BUS-M12-F01,Wirtschaftswissenschaftliches Seminar - Seminar 1 - KI & Marke(ting): Wie verändert KI die Arbeitswelt im Markenmanagement und im Marketing?,5,Hausarbeit,seminaristischer Unterricht,Prof. Dr. Carsten Baumgarth,Deutsch
BUS-M12-F01,Wirtschaftswissenschaftliches Seminar - Seminar 2 - Strategisches Management & Nachhaltigkeit,5,Hausarbeit,seminaristischer Unterricht,Prof. Dr. Caroline V. Rudzinska,Deutsch
BUS-M12-F01,Wirtschaftswissenschaftliches Seminar - Seminar 3 - Marketing,5,Hausarbeit,seminaristischer Unterricht,Prof. Dr. rer. Pakize Schuchert-Güler,Deutsch
BUS-M12-F01,Wirtschaftswissenschaftliches Seminar - Seminar 4 - Entrepreneurship,5,Hausarbeit,seminaristischer Unterricht,Prof. Dr. Birgit Felden,Deutsch
BUS-M12-F01,Wirtschaftswissenschaftliches Seminar - Seminar 5 - Empirische Finanzmarktforschung,5,Hausarbeit,seminaristischer Unterricht,Dr. Stefan Paulus,Deutsch
BUS-M12-F01,Wirtschaftswissenschaftliches Seminar - Seminar 6 - Nachhaltigkeit (Selbstlernkurs),5,Hausarbeit,seminaristischer Unterricht,Prof. Dr. Birgit Felden,Deutsch
BUS-M12-F01,Wirtschaftswissenschaftliches Seminar - Seminar 7 - HR/Arbeitspsychologie,5,Hausarbeit,seminaristischer Unterricht,Prof. Dr. Barbara Beham,Deutsch
BUS-M12-F01,Wirtschaftswissenschaftliches Seminar - Seminar 8 - Ausgewählte Fragen der Wirtschaftspolitik,5,Hausarbeit,seminaristischer Unterricht,Prof. Dr. Andreas Polk,Deutsch
BUS-M12-F01,Wirtschaftswissenschaftliches Seminar - Seminar 9 - Academic Writing,5,Hausarbeit,seminaristischer Unterricht,Luis Ignacio Silva Neira,Deutsch
BUS-M19-F01,Interdisziplinäres Themenfeld - Themenfeld 1 - Mitbestimmug und Flexibilisierung von Arbeit,10,Kombinierte Prüfung,seminaristischer Unterricht,Prof. Dr. Christina Teipen / Prof. Dr. Monika Huesmann / Prof. Dr. Stefanie Lorenzen,Deutsch
BUS-M19-F01,Interdisziplinäres Themenfeld - Themenfeld 2 - Behavioural Finance und Financial Literacy in der privaten Finanzplanung,10,Kombinierte Prüfung,seminaristischer Unterricht,Natalie Packham / Dr. Stefan Paulus / Marie Schumann,Deutsch
BUS-M19-F01,"Interdisziplinäres Themenfeld - Themenfeld 3 - Internationalization of economic processes - Goals, Actors and Instruments of Regulation",10,Kombinierte Prüfung,seminaristischer Unterricht,Prof. Dr. Christoph Dörrenbächer / Dr. Giorgos Christonakis / Dr. Michael Wortmann,Deutsch
BA-BUS-M20-F01,Mikroökonomie - Mikroökonomie 1,5,Klausur,seminaristischer Unterricht,Leonard Bovenberg,Deutsch
BA-BUS-M20-F01,Mikroökonomie - Mikroökonomie 2,5,Klausur,seminaristischer Unterricht,Esther Baumann-Kubick,Deutsch
BA-BUS-M20-F01,Mikroökonomie - Mikroökonomie 3,5,Klausur,seminaristischer Unterricht,Richard Mertens,Deutsch
BA-BUS-M20-F01,Mikroökonomie - Mikroökonomie 4 - Kurs für Wiederholende,5,Klausur,seminaristischer Unterricht,Esther Baumann-Kubick,Deutsch
BUS-M20-F01,Mikroökonomie: Allokation und Verteilung - Mikroökonomie: Allokation und Verteilung 1,5,Klausur,seminaristischer Unterricht,Prof. Dr. Tobias Börger,Deutsch
BUS-M20-F01,Mikroökonomie: Allokation und Verteilung - Mikroökonomie: Allokation und Verteilung 2 - Kurs für Wiederholende,5,Klausur,seminaristischer Unterricht,Esther Baumann-Kubick,Deutsch
BUS-M20-F01,Mikroökonomie: Allokation und Verteilung - Microeconomics: Allocation and Distribution 3,5,Klausur,seminaristischer Unterricht,Prof. Dr. Jennifer Pédussel Wu,Deutsch
BA-BUS-M21-F01,Makroökonomie - Makroökonomie 1,5,Kombinierte Prüfung,seminaristischer Unterricht,Dr. Alexander Voegele,Deutsch
BA-BUS-M21-F01,Makroökonomie - Makroökonomie 2,5,Kombinierte Prüfung,seminaristischer Unterricht,Sascha Gander,Deutsch
BA-BUS-M21-F01,Makroökonomie - Makroökonomie 3,5,Kombinierte Prüfung,seminaristischer Unterricht,Dr. habil. Aydin Findikçi,Deutsch
BA-BUS-M21-F01,Makroökonomie - Makroökonomie 4,5,Kombinierte Prüfung,seminaristischer Unterricht,Robert Thomas Merk,Deutsch
BA-BUS-M21-F01,Makroökonomie - Makroökonomie 5,5,Kombinierte Prüfung,seminaristischer Unterricht,Robert Thomas Merk,Deutsch
BA-BUS-M21-F01,Makroökonomie - Makroökonomie 6,5,Kombinierte Prüfung,seminaristischer Unterricht,Thomas Neumann,Deutsch
BA-BUS-M21-F01,Makroökonomie - Macroeconomics 7,5,Kombinierte Prüfung,seminaristischer Unterricht,Prof. Dr. Till Strohsal,Deutsch
BUS-M21-F01,Makroökonomie: Konjunktur und Beschäftigung - Makroökonomie: Konjunktur und Beschäftigung 1,5,Kombinierte Prüfung,seminaristischer Unterricht,Prof. Dr. Till Strohsal,Deutsch
BUS-M21-F01,Makroökonomie: Konjunktur und Beschäftigung - Makroökonomie: Konjunktur und Beschäftigung 2 Abend,5,Kombinierte Prüfung,seminaristischer Unterricht,Sascha Gander,Deutsch
BUS-M21-F01,Makroökonomie: Konjunktur und Beschäftigung - Macroeconomics: The Economic Cycle and Employment 3,5,Kombinierte Prüfung,seminaristischer Unterricht,Dr. rer. pol. Georg Man,Deutsch
BUS-M22-F01,Internationale Wirtschaft - Internationale Wirtschaft 1,5,Kombinierte Prüfung,seminaristischer Unterricht,Günter Senftleben,Deutsch
BUS-M22-F01,Internationale Wirtschaft - Internationale Wirtschaft 2,5,Kombinierte Prüfung,seminaristischer Unterricht,Dr. habil. Aydin Findikçi,Deutsch
BUS-M22-F01,Internationale Wirtschaft - Internationale Wirtschaft 3,5,Kombinierte Prüfung,seminaristischer Unterricht,Norbert Földi,Deutsch
BUS-M22-F01,Internationale Wirtschaft - International Economics 4,5,Kombinierte Prüfung,seminaristischer Unterricht,Dr. habil. Elke Muchlinski / Prof. Dr. Jennifer Pédussel Wu,Deutsch
BA-BUS-M23-F01,Recht 1 - Recht 1 _ 1,5,Klausur,seminaristischer Unterricht,Oliver Loock-Wagner,Deutsch
BA-BUS-M23-F01,Recht 1 - Recht 1 _ 2,5,Klausur,seminaristischer Unterricht,Prof. Dr. Arnold Lehmann-Richter,Deutsch
BA-BUS-M23-F01,Recht 1 - Recht 1 _ 3,5,Klausur,seminaristischer Unterricht,Prof. Dr. Julia Klauer,Deutsch
BUS-M23-F01,Privates Wirtschaftsrecht - Privates Wirtschaftsrecht 1,5,Klausur,seminaristischer Unterricht,Julia Preußer,Deutsch
BUS-M23-F01,Privates Wirtschaftsrecht - Privates Wirtschaftsrecht 2,5,Klausur,seminaristischer Unterricht,Nicolai Preuße,Deutsch
BUS-M23-F01,Privates Wirtschaftsrecht - Privates Wirtschaftsrecht 3 Blended,5,Klausur,seminaristischer Unterricht,Dr. Bernhard Dietrich,Deutsch
BUS-M24-F01,Recht im Unternehmen (Gesellschaftsrecht) - Recht im Unternehmen (Gesellschaftsrecht) 1,2.5,Klausur,seminaristischer Unterricht,Prof. Dr. Andreas Donner,Deutsch
BUS-M24-F01,Recht im Unternehmen (Gesellschaftsrecht) - Recht im Unternehmen (Gesellschaftsrecht) 2 Blended,2.5,Klausur,seminaristischer Unterricht,Dr. jur. Anja Herzberg,Deutsch
BUS-M24-F01,Recht im Unternehmen (Gesellschaftsrecht) - Recht im Unternehmen (Gesellschaftsrecht) 3 Abend,2.5,Klausur,seminaristischer Unterricht,Denise Bruse,Deutsch
BUS-M24-F02,Recht im Unternehmen (Arbeitsrecht) - Recht im Unternehmen (Arbeitsrecht) 1,2.5,Klausur,seminaristischer Unterricht,Prof. Dr. Andreas Donner,Deutsch
BUS-M24-F02,Recht im Unternehmen (Arbeitsrecht) - Recht im Unternehmen (Arbeitsrecht) 2 Abend,2.5,Klausur,seminaristischer Unterricht,Helga Nielebock,Deutsch
BUS-M24-F02,Recht im Unternehmen (Arbeitsrecht) - Recht im Unternehmen (Arbeitsrecht) 3 Abend,2.5,Klausur,seminaristischer Unterricht,Christian Groth,Deutsch
BA-BUS-M25-F01,Nachhaltige Transformation von Unternehmen und Gesellschaft - Nachhaltige Transformation von Unternehmen und Gesellschaft 1,5,Kombinierte Prüfung,seminaristischer Unterricht,Prof. Dr. Markus Wissen,Deutsch
BA-BUS-M25-F01,Nachhaltige Transformation von Unternehmen und Gesellschaft - Nachhaltige Transformation von Unternehmen und Gesellschaft 2,5,Kombinierte Prüfung,seminaristischer Unterricht,Lukas Meisner,Deutsch
BA-BUS-M25-F01,Nachhaltige Transformation von Unternehmen und Gesellschaft - Sustainable Transformation of Business and Society 3,5,Kombinierte Prüfung,seminaristischer Unterricht,Prof. Dr. Christina Teipen,Deutsch
BA-BUS-M25-F01,Nachhaltige Transformation von Unternehmen und Gesellschaft - Sustainable Transformation of Business and Society 4,5,Kombinierte Prüfung,seminaristischer Unterricht,Prof. Dr. Markus Wissen,Deutsch
BUS-M25-F01,"Unternehmen, Betrieb, Arbeit",5,Kombinierte Prüfung,seminaristischer Unterricht,Detlef Fester,Deutsch
BUS-M26-F01,Politische Ökonomie und Sozialstruktur der modernen Gesellschaft - Politische Ökonomie und Sozialstruktur der modernen Gesellschaft 1,5,Kombinierte Prüfung,seminaristischer Unterricht,Lukas Meisner,Deutsch
BUS-M26-F01,Politische Ökonomie und Sozialstruktur der modernen Gesellschaft - Politische Ökonomie und Sozialstruktur der modernen Gesellschaft 2,5,Kombinierte Prüfung,seminaristischer Unterricht,Luis Sanz Jardon,Deutsch
BUS-M26-F01,Politische Ökonomie und Sozialstruktur der modernen Gesellschaft - Politische Ökonomie und Sozialstruktur der modernen Gesellschaft 3 Blended,5,Kombinierte Prüfung,seminaristischer Unterricht,Prof. Dr. Sigrid Betzelt,Deutsch
BUS-M26-F01,Politische Ökonomie und Sozialstruktur der modernen Gesellschaft - Political Economy and Social Structure of Modern Society 4,5,Kombinierte Prüfung,seminaristischer Unterricht,Prof. Dr. Martina Sproll,Deutsch
BA-BUS-M27-F01,Wirtschaftsmathematik - Wirtschaftsmathematik 1,5,Klausur,seminaristischer Unterricht,Mirco Schoening,Deutsch
BA-BUS-M27-F01,Wirtschaftsmathematik - Wirtschaftsmathematik 2,5,Klausur,seminaristischer Unterricht,Dr. Michael Schlegel,Deutsch
BA-BUS-M27-F01,Wirtschaftsmathematik - Wirtschaftsmathematik 3,5,Klausur,seminaristischer Unterricht,Dr. Domenico Schneider,Deutsch
BA-BUS-M27-F01,Wirtschaftsmathematik - Wirtschaftsmathematik 4,5,Klausur,seminaristischer Unterricht,Andreas Stotland,Deutsch
BA-BUS-M27-F01,Wirtschaftsmathematik - Wirtschaftsmathematik 5 Blended,5,Klausur,seminaristischer Unterricht,Kai Klotz,Deutsch
BA-BUS-M27-F01,Wirtschaftsmathematik - Wirtschaftsmathematik 6 - Ferienkurs Blended,5,Klausur,seminaristischer Unterricht,Prof. Dr. Maria Osipenko,Deutsch
AC-Mathe-BK,Wirtschaftsmathematischer Brückenkurs im Semester - Wirtschaftsmathematischer Brückenkurs im Semester 1,0,Keine Prüfung,Seminar,Mahkameh Komasi,Deutsch
AC-Mathe-BK,Wirtschaftsmathematischer Brückenkurs im Semester - Wirtschaftsmathematischer Brückenkurs im Semester 2,0,Keine Prüfung,Seminar,Martin Büttner,Deutsch
BUS-M27-F01,Wirtschaftsmathematik - Wirtschaftsmathematik 1,5,Klausur,seminaristischer Unterricht,Mahkameh Komasi,Deutsch
BUS-M27-F01,Wirtschaftsmathematik - Wirtschaftsmathematik 2 - Kurs für Wiederholende,5,Klausur,seminaristischer Unterricht,Prof. Dr. Ulrike C. Nikutta-Wasmuht,Deutsch
BA-BUS-M28-F01,Statistik - Statistik 1,5,Klausur,seminaristischer Unterricht,Christine Krüger,Deutsch
BA-BUS-M28-F01,Statistik - Statistik 2,5,Klausur,seminaristischer Unterricht,Prof. Dr. Edin Basic,Deutsch
BA-BUS-M28-F01,Statistik - Statistik 3,5,Klausur,seminaristischer Unterricht,Prof. Dr. Andreas Polk,Deutsch
BA-BUS-M28-F01,Statistik - Statistik 4,5,Klausur,seminaristischer Unterricht,Prof. Dr. rer. nat. Susanne Hannappel,Deutsch
BA-BUS-M28-F01,Statistik - Statistik 5,5,Klausur,seminaristischer Unterricht,Prof. Dr. Thomas Knispel,Deutsch
BA-BUS-M28-F01,Statistik - Statistik 6 Blended,5,Klausur,seminaristischer Unterricht,Ulrike Flemming,Deutsch
BUS-M28-F01,Statistik - Statistik 1 - Kurs für Wiederholende,5,Klausur,seminaristischer Unterricht,Prof. Dr. Andreas Polk,Deutsch
BUS-M28-F01,Statistik - Statistik 2 Abend,5,Klausur,seminaristischer Unterricht,Musa Tanriver,Deutsch
BA-BUS-M29-F01,Wirtschaftsinformatik 1 - Wirtschaftsinformatik 1 _ 1,5,Leistungstest,seminaristischer Unterricht,Dr. Salim Chujfi La Roche,Deutsch
BA-BUS-M29-F01,Wirtschaftsinformatik 1 - Wirtschaftsinformatik 1 _ 2,5,Leistungstest,seminaristischer Unterricht,Dr. Albrecht Heinrici,Deutsch
BA-BUS-M29-F01,Wirtschaftsinformatik 1 - Wirtschaftsinformatik 1 _ 3,5,Leistungstest,seminaristischer Unterricht,Dr. Salim Chujfi La Roche,Deutsch
BA-BUS-M29-F01,Wirtschaftsinformatik 1 - Wirtschaftsinformatik 1 _ 4 Blended,5,Leistungstest,seminaristischer Unterricht,Dr. Marie Glasemann,Deutsch
BUS-M29-F01,Grundlagen der Wirtschaftsinformatik - Grundlagen der Wirtschaftsinformatik Abend,5,Leistungstest (undifferenziert),seminaristischer Unterricht,Randy Witte,Deutsch
AC-Mathe-VK,Wirtschaftsmathematischer Vorkurs (Vor Semesterstart) - Wirtschaftsmathematischer Vorkurs (Vor Semesterstart) 1,0,Keine Prüfung,Seminar,Martin Büttner,Deutsch
AC-Mathe-VK,Wirtschaftsmathematischer Vorkurs (Vor Semesterstart) - Wirtschaftsmathematischer Vorkurs (Vor Semesterstart) 2,0,Keine Prüfung,Seminar,Frederik Freckmann,Deutsch
Spanisch-F02,Wirtschaftsspanisch A 2 - Wirtschaftsspanisch A 2 __1,5,Kombinierte Prüfung,Praktische Übung,Paula María Ulloa Martínez,Deutsch
Spanisch-F02,Wirtschaftsspanisch A 2 - Wirtschaftsspanisch A 2 __2,5,Kombinierte Prüfung,Praktische Übung,Carmen Perez Gauli,Deutsch
Spanisch-F03,Wirtschaftsspanisch B 1.1,5,Kombinierte Prüfung,Praktische Übung,Carmen Perez Gauli,Deutsch
Spanisch-F04,Wirtschaftsspanisch B 1.2,5,Kombinierte Prüfung,Praktische Übung,Priscila Munoz,Deutsch
Spanisch-F05,Wirtschaftsspanisch B 2.1,5,Kombinierte Prüfung,Praktische Übung,Carmen Gomez Aparicio,Deutsch
BA-BUS-M30-F01,Wirtschaftsinformatik 2 - Wirtschaftsinformatik 2 _ 1,5,Kombinierte Prüfung,seminaristischer Unterricht,Prof. Dr. rer. Heike Wiesner,Deutsch
BA-BUS-M30-F01,Wirtschaftsinformatik 2 - Wirtschaftsinformatik 2 _ 2,5,Kombinierte Prüfung,seminaristischer Unterricht,Michael Sost,Deutsch
BA-BUS-M30-F01,Wirtschaftsinformatik 2 - Wirtschaftsinformatik 2 _ 3,5,Kombinierte Prüfung,seminaristischer Unterricht,Michael Sost,Deutsch
BA-BUS-M30-F01,Wirtschaftsinformatik 2 - Wirtschaftsinformatik 2 _ 4,5,Kombinierte Prüfung,seminaristischer Unterricht,Dr. Herbert Goestl,Deutsch
BA-BUS-M30-F01,Wirtschaftsinformatik 2 - Wirtschaftsinformatik 2 _ 5,5,Kombinierte Prüfung,seminaristischer Unterricht,Michael Sost,Deutsch
BA-BUS-M30-F01,Wirtschaftsinformatik 2 - Wirtschaftsinformatik 2 _ 6,5,Kombinierte Prüfung,seminaristischer Unterricht,Thomas Schwier,Deutsch
Spanisch-F06,Wirtschaftsspanisch B 2.2,5,Kombinierte Prüfung,Praktische Übung,Andrea Blanco,Deutsch
Franz-F03,Wirtschaftsfranzösisch B 1.1,5,Kombinierte Prüfung,Praktische Übung,Yann-Nicolas Martial,Deutsch
BUS-M30-F01,Betriebliche Informationssysteme - Betriebliche Informationssysteme 1 Abend,5,Kombinierte Prüfung,seminaristischer Unterricht,Randy Witte,Deutsch
BUS-M30-F01,Betriebliche Informationssysteme - Betriebliche Informationssysteme 2 Blended,5,Kombinierte Prüfung,seminaristischer Unterricht,Prof. Dr. Fatoumata Camara,Deutsch
Franz-F04,Wirtschaftsfranzösisch B 1.2,5,Kombinierte Prüfung,Praktische Übung,Floran Bayle,Deutsch
Franz-F05,Wirtschaftsfranzösisch B 2.1,5,Kombinierte Prüfung,Praktische Übung,Nadia Zeltzer-Domning,Deutsch
Franz-F06,Wirtschaftsfranzösisch B 2.2,5,Kombinierte Prüfung,Praktische Übung,Andrea Blanco,Deutsch
BUS-M39-F01,Praxisseminar - Praxisseminar 1,1,Leistungstest (undifferenziert),Seminar,Prof. Dr. Ewa Ostaszewska,Deutsch
BUS-M39-F01,Praxisseminar - Praxisseminar 2,1,Leistungstest (undifferenziert),Seminar,Prof. Dr. Ewa Ostaszewska,Deutsch
BUS-M39-F01,Praxisseminar - Praxisseminar 3,1,Leistungstest (undifferenziert),Seminar,Prof. Dr. Dirk-Mario Boltz,Deutsch
BUS-M39-F01,Praxisseminar - Praxisseminar 4,1,Leistungstest (undifferenziert),Seminar,Prof. Dr. Axel Zernack,Deutsch
BUS-M39-F01,Praxisseminar - Praxisseminar 5,1,Leistungstest (undifferenziert),Seminar,Prof. Dr. Andrea Rumler,Deutsch
BUS-M39-F01,Praxisseminar - Praxisseminar 6,1,Leistungstest (undifferenziert),Seminar,Prof. Dr. Carsten Baumgarth,Deutsch
BUS-M39-F01,Praxisseminar - Praxisseminar 7,1,Leistungstest (undifferenziert),Seminar,Dr. Wolfgang Marfels,Deutsch
Deutsch-F01,Wirtschaftsdeutsch A 1.1,5,Kombinierte Prüfung,Praktische Übung,Mozhgan Kruse,Deutsch
Deutsch-F02,Wirtschaftsdeutsch A 1.2 - Wirtschaftsdeutsch A 1.2 __ 1,5,Kombinierte Prüfung,Praktische Übung,Heike Bossmann,Deutsch
Deutsch-F02,Wirtschaftsdeutsch A 1.2 - Wirtschaftsdeutsch A 1.2 __ 2,5,Kombinierte Prüfung,Praktische Übung,Mozhgan Kruse,Deutsch
Deutsch-F03,Wirtschaftsdeutsch A 2.1 - Wirtschaftsdeutsch A 2.1 __ 1,5,Kombinierte Prüfung,Praktische Übung,Susanne Vieten-Wagner,Deutsch
Deutsch-F03,Wirtschaftsdeutsch A 2.1 - Wirtschaftsdeutsch A 2.1 __ 2,5,Kombinierte Prüfung,Praktische Übung,Dr. Anna Balaganina,Deutsch
Deutsch-F04,Wirtschaftsdeutsch A 2.2,5,Kombinierte Prüfung,Praktische Übung,Brigitte Hochberg-Köhler,Deutsch
Deutsch-F05,Wirtschaftsdeutsch B 1.1,5,Kombinierte Prüfung,Praktische Übung,Anemone Horn,Deutsch
Deutsch-F06,Wirtschaftsdeutsch B 1.2,5,Kombinierte Prüfung,Praktische Übung,Dr. Souad Bensalah-Mekkes,Deutsch
Deutsch-F07,Wirtschaftsdeutsch B 2.1,5,Kombinierte Prüfung,Praktische Übung,Lela-Rose Engler,Deutsch
Deutsch-F08,Wirtschaftsdeutsch B 2.2,5,Kombinierte Prüfung,Praktische Übung,Christine Belakhdar,Deutsch
Deutsch-F09,Wirtschaftsdeutsch C 1,5,Kombinierte Prüfung,Praktische Übung,Lela-Rose Engler,Deutsch
BA-BUS-M40-F01,Entrepreneurial Project - Entrepreneurial Project 1 - entfällt,5,Kombinierte Prüfung,Projektseminar,,Deutsch
BA-BUS-M40-F01,Entrepreneurial Project - Entrepreneurial Project 2,5,Kombinierte Prüfung,Projektseminar,Marlene Fröhlich,Deutsch
BA-BUS-M40-F01,Entrepreneurial Project - Entrepreneurial Project 3,5,Kombinierte Prüfung,Projektseminar,Sebastian Schäfer,Deutsch
BA-BUS-M40-F01,Entrepreneurial Project - Entrepreneurial Project 4,5,Kombinierte Prüfung,Projektseminar,Falko Carl,Deutsch
BA-BUS-M40-F01,Entrepreneurial Project - Entrepreneurial Project 5,5,Kombinierte Prüfung,Projektseminar,Prof. Dr. rer. Sven Ripsas / Nora Revermann,Deutsch
BA-BUS-M40-F01,Entrepreneurial Project - Entrepreneurial Project 6,5,Kombinierte Prüfung,Projektseminar,Christian Klang,Deutsch
BA-BUS-M40-F01,Entrepreneurial Project - Entrepreneurial Project 7,5,Kombinierte Prüfung,Projektseminar,Christian Tegge,Deutsch
BA-BUS-M40-F01,Entrepreneurial Project - Entrepreneurial Project 8,5,Kombinierte Prüfung,Projektseminar,Franziska Bammert,Deutsch
BA-BUS-M40-F01,Entrepreneurial Project - Entrepreneurial Project 9,5,Kombinierte Prüfung,Projektseminar,Sohrab Mohammad,Deutsch
BA-BUS-M40-F01,Entrepreneurial Project - Entrepreneurial Project 10,5,Kombinierte Prüfung,Projektseminar,Samir Roshandel,Deutsch
BA-BUS-M40-F01,Entrepreneurial Project - Entrepreneurial Project 11,5,Kombinierte Prüfung,Projektseminar,Patrick Stähler,Deutsch
BA-BUS-M40-F01,Entrepreneurial Project - Entrepreneurial Project 12,5,Kombinierte Prüfung,Projektseminar,Rafael Kugel,Deutsch
BA-BUS-M40-F01,Entrepreneurial Project - Entrepreneurial Project 13,5,Kombinierte Prüfung,Projektseminar,Anett Lommatzsch,Deutsch
BA-BUS-M40-F01,Entrepreneurial Project - Entrepreneurial Project 14,5,Kombinierte Prüfung,Projektseminar,Sarah Ben Bernou,Deutsch
MPE-M01-F22,Feminist Economics,6.5,Hausarbeit,Seminar,Judith Waltl,Deutsch
UntRe-M11-F01,Forschungsmethodisches Seminar,6,Leistungstest (undifferenziert),seminaristischer Unterricht,Prof. Dr. Stefanie Lorenzen,Deutsch
POLEI-M11-F01,Research Seminar,6,Leistungstest (undifferenziert),seminaristischer Unterricht,Prof. Dr. Sigrid Betzelt,Deutsch
MM-M10-F01,Tutorial Seminar II,4,Leistungstest (undifferenziert),seminaristischer Lehrvortrag,Prof. Dr. Henning Kreis,Deutsch
MM-M06-F01,Marketing Project and Project Management,6.5,Projektbericht (P),seminaristischer Unterricht,Prof. Dr. Andrea Rumler,Deutsch
MM-M07-F01,Marketing Analytics,6.5,Kombinierte Prüfung,Übung am PC,Prof. Dr. Tobias Naujoks,Deutsch
MM-M11-F01,Research Seminar,6,Leistungstest (undifferenziert),seminaristischer Lehrvortrag,Prof. Dr. Henning Kreis,Deutsch
EcoPol-F08,Modelling in Ecological Economics,6.5,Kombinierte Prüfung,Seminar,Moritz Marpe,Deutsch
EcoPol-F09,Labour and Ecology,6.5,Hausarbeit,seminaristischer Unterricht,Prof. Dr. Markus Wissen,Deutsch
MA-Eco-M11-F01,Research Seminar,6,Leistungstest (undifferenziert),seminaristischer Unterricht,Prof. Dr. Eckhard Hein,Deutsch
IMM-M08-F02,International Marketing Project,6.5,Kombinierte Prüfung,seminaristischer Unterricht,Prof. Dr. Dirk-Mario Boltz,Deutsch
IMM-M09-F04,Current Issues: Data-driven Marketing,6.5,Klausur,seminaristischer Unterricht,Prof. Dr. Tobias Naujoks,Deutsch
IMM-M10-F02,Tutorial Seminar II,4,Leistungstest (undifferenziert),seminaristischer Unterricht,Prof. Dr. Sonja Klose,Deutsch
IMM-M11-F02,Research Seminar,6,Leistungstest (undifferenziert),seminaristischer Unterricht,Prof. Dr. Sonja Klose,Deutsch
IMM-M06-F04,Digital Marketing,6.5,Kombinierte Prüfung,Seminar,Prof. Dr. Sonja Klose,Deutsch
IMM-M06-F06,Marketing and Innovation for Impact-Driven and Sustainable Businesses,6.5,Kombinierte Prüfung,Seminar,Christian Schlimok / Luzius Rüedi / Bastian von Lehsten,Deutsch
IBCON-M11-F01,Research Seminar,6,Leistungstest (undifferenziert),seminaristischer Unterricht,Prof. Dr. Barbara Beham / Prof. Dr. Christoph Dörrenbächer,Deutsch
GSCOM-M11-F01,Research Seminar,6,Leistungstest (undifferenziert),seminaristischer Lehrvortrag,Prof. Dr. Dmitry Ivanov,Deutsch
FACT-M08-F02,Besteuerung grenzüberschreitender Transaktionen,6.5,Kombinierte Prüfung,seminaristischer Lehrvortrag,Prof. Dr. Wojciech Stiller,Deutsch
FACT-M23-F01,Forschungsmethodisches Seminar,6,Leistungstest (undifferenziert),seminaristischer Lehrvortrag,Prof. Dr. Agnes Aschfalk-Evertz / Prof. Dr. Wojciech Stiller,Deutsch
BIPM-M11-F01,Research Seminar,6,Leistungstest (undifferenziert),"Projektseminar, Action-learning",Prof. Dr. Alexander Eck,Deutsch
BA-ISUM-M11-F01...,Sustainable Operations Management II,5,Klausur,seminaristischer Lehrvortrag,Prof. Dr. Eberhard Schmid,Deutsch
BA-ISUM-M14-F01...,Integrated Sustainability Reporting,5,Kombinierte Prüfung,seminaristischer Lehrvortrag,Prof. Dr. Annett Baumast,Deutsch
BA-ISUM-M17-F01...,Statistics & Applications in Data Science,5,Klausur,seminaristischer Lehrvortrag,Prof. Dr. Maria Osipenko / Fanqi Meng,Deutsch
BA-ISUM-M22-F01...,Entrepreneurial Project III,10,Portfolio,seminaristischer Lehrvortrag,Prof. Dr. Barbara Beham / Prof. Dr. rer. Sven Ripsas / Sylvia Krepska,Deutsch
BA-ISUM-M24-F01...,Storytelling for Business & Business Ethics,5,Kombinierte Prüfung,Übung,Prof. Dr. Katja Andresen / Jonny Bix Bongers,Deutsch
BA-ISUM-M09-F01...,Sustainability Marketing,5,Kombinierte Prüfung,seminaristischer Lehrvortrag,Julia Hüller,Deutsch
BA-ISUM-M23-F01...,Academic Writing & Managing Complexity - Academic Writing & Managing Complexity 1,5,Kombinierte Prüfung,Übung,Martin Castro / Prof. Dr. Tobias Braun,Deutsch
BA-ISUM-M21-F04...,Entrepreneurial Project II,5,Portfolio,"Projektseminar, Action-learning",Dr. Yana Heussen / Maximilian Mauracher,Deutsch
BA-ISUM-M23-F01...,Academic Writing & Managing Complexity - Academic Writing & Managing Complexity 2,5,Kombinierte Prüfung,Übung,Dr. Katharina Maak-Castro / Prof. Dr. Tobias Braun,Deutsch
BA-IDB-M09-F01,Digitales Performance Management - Digital Performance Management,5,Klausur,seminaristischer Lehrvortrag,Prof. Dr. Michael Faustino Bauer,Deutsch
BA-IDB-M14-F01,Digital Literacy IV: Software Architectures,5,Kombinierte Prüfung,seminaristischer Lehrvortrag,Pallabi Mukherjee,Deutsch
BA-IDB-M17-F01,Statistics & Applications in Data Science,5,Klausur,seminaristischer Lehrvortrag,Prof. Dr. Maria Osipenko / Fanqi Meng,Deutsch
BA-IDB-M22-F01,Entrepreneurial Project III,10,Portfolio,"Projektseminar, Action-learning",Prof. Dr. Christoph Dörrenbächer / Rafael Kugel / Samir Roshandel,Deutsch
BA-IDB-M24-F01,Storytelling for Business & Business and Data Ethics,5,Kombinierte Prüfung,seminaristischer Lehrvortrag,Prof. Dr. Katja Andresen / Jonny Bix Bongers,Deutsch
BA-IDB-M08-F01,Digital Marketing,5,Kombinierte Prüfung,seminaristischer Lehrvortrag,Manuel Martinez Estrada,Deutsch
BA-IDB-M11-F01,Digital Literacy I: Coding,5,Portfolio,seminaristischer Lehrvortrag,Prof. Dr. Markus Löcher,Deutsch
BA-IDB-M21-F04,Entrepreneurial Project II,5,Portfolio,"Projektseminar, Action-learning",Prof. Dr. Fatoumata Camara / Dr. Yana Heussen,Deutsch
BA-IDB-M23-F03,Academic Writing & Managing Complexity - Academic Writing & Managing Complexity 1,5,Kombinierte Prüfung,Übung,Prof. Dr. Tobias Braun / Selen Soysal-Kazanç,Deutsch
BA-IDB-M23-F03,Academic Writing & Managing Complexity - Academic Writing & Managing Complexity 2,5,Kombinierte Prüfung,Übung,Prof. Dr. Tobias Braun / Christina Druffel,Deutsch
BA-BUS-MSQ-F01,Selbstmanagement - Selbstmanagement 1,2.5,Leistungstest (undifferenziert),"Projektseminar, Action-learning",Jacqueline Grassmé-Grave,Deutsch
BA-BUS-MSQ-F02,Kommunikation und Präsentation - Kommunikation und Präsentation 1,2.5,Leistungstest (undifferenziert),"Projektseminar, Action-learning",Monika Kaiser,Deutsch
BA-BUS-MSQ-F04,Tabellenkalkulation für Entscheidungen in der Wirtschaft (Excel),2.5,Leistungstest (undifferenziert),"Projektseminar, Action-learning",Prof. Dr. Michael Faustino Bauer,Deutsch
BA-BUS-MSQ-F05,Gesprächsführung,2.5,Leistungstest (undifferenziert),"Projektseminar, Action-learning",Petra Fléing,Deutsch
BA-BUS-MSQ-F06,Interkulturelle Kompetenz,2.5,Leistungstest (undifferenziert),"Projektseminar, Action-learning",Dr. Martina Heike Schubert / Dr. Gregor Wittke,Deutsch
BA-BUS-MSQ-F08,Design Thinking,2.5,Leistungstest (undifferenziert),"Projektseminar, Action-learning",Melissa Zaske,Deutsch
BA-BUS-MSQ-F12,Generative AI,2.5,Leistungstest (undifferenziert),"Projektseminar, Action-learning",Christian Klang,Deutsch
BA-BUS-MSP-F06,Business English B1: Compact Refresher,2.5,Leistungstest (undifferenziert),"Projektseminar, Action-learning",Mariana Aguilar Ramírez,Englisch
BA-BUS-MSP-F02,Business English and Communication B1+,5,Leistungstest (undifferenziert),"Projektseminar, Action-learning",Mariana Aguilar Ramírez,Englisch
BA-BUS-MSP-F03,Business English and Communication B2 - Business English and Communication B2 __1,5,Leistungstest (undifferenziert),"Projektseminar, Action-learning",Dr. phil. Elena Polyakova,Englisch
BA-BUS-MSP-F03,Business English and Communication B2 - Business English and Communication B2 __ 2,5,Leistungstest (undifferenziert),"Projektseminar, Action-learning",Giles Shephard,Englisch
BA-BUS-MSP-F03,Business English and Communication B2 - Business English and Communication B2 __ 3 Blended - Gruppe entfällt,5,Leistungstest (undifferenziert),"Projektseminar, Action-learning",,Englisch
BA-BUS-MSP-F04,Business English and Communication B2+ - Business English and Communication B2+ __ 1,5,Leistungstest (undifferenziert),"Projektseminar, Action-learning",Dr. phil. Elena Polyakova,Englisch
BA-BUS-MSP-F04,Business English and Communication B2+ - Business English and Communication B2+ __ 2,5,Leistungstest (undifferenziert),"Projektseminar, Action-learning",Ellen Klein,Englisch
BA-BUS-MSP-F05,Business English and Communication C1 - Business English and Communication C1 __ 1,5,Leistungstest (undifferenziert),"Projektseminar, Action-learning",Krzysztof Debicki,Englisch
BA-BUS-MSP-F05,Business English and Communication C1 - Business English and Communication C1 __ 2,5,Leistungstest (undifferenziert),"Projektseminar, Action-learning",Mariana Aguilar Ramírez,Englisch
BA-BUS-MSP-F05,Business English and Communication C1 - Business English and Communication C1 __ 3,5,Leistungstest (undifferenziert),"Projektseminar, Action-learning",Nisha Becker,Englisch
BUS-MSP-F03,"Business English B 2.1, Part 1 - Business English B 2.1, Part 1 __ 1",3,Leistungstest (undifferenziert),"Projektseminar, Action-learning",John M. Gordon,Englisch
BUS-MSP-F03,"Business English B 2.1, Part 1 - Business English B 2.1, Part 1 __ 2 Abend",3,Leistungstest (undifferenziert),"Projektseminar, Action-learning",Michael David,Englisch
BUS-MSP-F04,"Business English B 2.1, Part 2 - Business English B 2.1, Part 2 __ 1",3,Leistungstest (undifferenziert),"Projektseminar, Action-learning",Isabel Vinda,Englisch
BUS-MSP-F04,"Business English B 2.1, Part 2 - Business English B 2.1, Part 2 __ 2",3,Leistungstest (undifferenziert),"Projektseminar, Action-learning",Krzysztof Debicki,Englisch
BUS-MSP-F05,"Business English B 2.2, Part 1 - Business English B 2.2, Part 1 __ 1",3,Leistungstest (undifferenziert),"Projektseminar, Action-learning",Peter Sedy,Englisch
BUS-MSP-F05,"Business English B 2.2, Part 1 - Business English B 2.2, Part 1 __ 2 Abend",3,Leistungstest (undifferenziert),"Projektseminar, Action-learning",Michael David,Englisch
BUS-MSP-F06,"Business English B 2.2, Part 2 - Business English B 2.2, Part 2 __ 1",3,Leistungstest (undifferenziert),"Projektseminar, Action-learning",Nisha Becker,Englisch
BUS-MSP-F06,"Business English B 2.2, Part 2 - Business English B 2.2, Part 2 __ 2 entfällt",3,Leistungstest (undifferenziert),"Projektseminar, Action-learning",,Englisch
BUS-MSP-F06,"Business English B 2.2, Part 2 - Business English B 2.2, Part 2 __ 3",3,Leistungstest (undifferenziert),"Projektseminar, Action-learning",Giles Shephard,Englisch
BUS-MSP-F07,"Business English C 1.1, Part 1 - Business English C 1.1, Part 1 __ 1",3,Leistungstest (undifferenziert),"Projektseminar, Action-learning",Aleksandar Zivkovic,Englisch
BUS-MSP-F07,"Business English C 1.1, Part 1 - Business English C 1.1, Part 1 __ 2",3,Leistungstest (undifferenziert),"Projektseminar, Action-learning",Alex Storonkin,Englisch
BUS-MSP-F08,"Business English C 1.1, Part 2 - Business English C 1.1, Part 2 __ 1 entfällt",3,Leistungstest (undifferenziert),"Projektseminar, Action-learning",,Englisch
BUS-MSP-F08,"Business English C 1.1, Part 2 - Business English C 1.1, Part 2 __ 2",3,Leistungstest (undifferenziert),"Projektseminar, Action-learning",Alex Storonkin,Englisch
BUS-MSP-F09,"Business English C 1.2, Part 1 - Business English C 1.2, Part 1 __ 1",3,Leistungstest (undifferenziert),"Projektseminar, Action-learning",Kenneth Rossiter,Englisch
BUS-MSP-F09,"Business English C 1.2, Part 1 - Business English C 1.2, Part 1 __ 2",3,Leistungstest (undifferenziert),"Projektseminar, Action-learning",Sandra Baker,Englisch
BUS-MSP-F10,"Business English C 1.2, Part 2 - Business English C 1.2, Part 2 __ 1",3,Leistungstest (undifferenziert),"Projektseminar, Action-learning",Krzysztof Debicki,Englisch
BUS-MSP-F10,"Business English C 1.2, Part 2 - Business English C 1.2, Part 2 __ 2",3,Leistungstest (undifferenziert),"Projektseminar, Action-learning",Sandra Baker,Englisch
CAF-MBS-F01,Internationale Unternehmensbesteuerung,5,Mündliche Prüfung (P),seminaristischer Unterricht,Prof. Dr. Wojciech Stiller,Deutsch
CAF-MFin-F01,Finanzierungs- und Investitionspolitik der Unternehmen - Finanzierungs- und Investitionspolitik der Unternehmen 1,5,Klausur,seminaristischer Unterricht,Dr. Stefan Paulus,Deutsch
CAF-MFin-F01,Finanzierungs- und Investitionspolitik der Unternehmen - Finanzierungs- und Investitionspolitik der Unternehmen 2 Blended,5,Klausur,seminaristischer Unterricht,Dr. Stefan Paulus,Deutsch
CAF-MFin-F01,Finanzierungs- und Investitionspolitik der Unternehmen - Corporate Finance 3,5,Klausur,seminaristischer Unterricht,Prof. Dr. Martin Uzik,Deutsch
CAF-MFin-F02,Finanzwirtschaftliche Analyse und Bewertung - Finanzwirtschaftliche Analyse und Bewertung 1,5,Kombinierte Prüfung,seminaristischer Unterricht,Prof. Dr. Martin Uzik,Deutsch
CAF-MFin-F02,Finanzwirtschaftliche Analyse und Bewertung - Financial Analysis and Valuation 2,5,Kombinierte Prüfung,seminaristischer Unterricht,Prof. Dr. Martin Uzik,Deutsch
CAF-MFin-F03,Finanzwirtschaft der Kapitalmärkte - Finanzwirtschaft der Kapitalmärkte 1 Blended,5,Mündliche Prüfung (P),seminaristischer Unterricht,Prof. Dr. André Tomfort,Deutsch
CAF-MFin-F03,Finanzwirtschaft der Kapitalmärkte - Capital Markets 2,5,Klausur,seminaristischer Unterricht,Prof. Dr. André Tomfort,Deutsch
CAF-MFin-F06,Quantitative and Computational Finance,5,Kombinierte Prüfung,seminaristischer Unterricht,Natalie Packham,Deutsch
CAF-MM-F01,Produkt- und Vertriebsmanagement - Produkt- und Vertriebsmanagement 1,5,Kombinierte Prüfung,seminaristischer Unterricht,Sascha Thieme,Deutsch
CAF-MM-F01,Produkt- und Vertriebsmanagement - Produkt- und Vertriebsmanagement 2 Blended,5,Kombinierte Prüfung,seminaristischer Unterricht,Sascha Thieme,Deutsch
CAF-MM-F01,Produkt- und Vertriebsmanagement - Product and Distribution Managment 3,5,Kombinierte Prüfung,seminaristischer Unterricht,Dr. Ernestine Siebert,Deutsch
CAF-MM-F02,Marktforschung - Marktforschung 1,5,Kombinierte Prüfung,seminaristischer Unterricht,Prof. Dr. Carsten Baumgarth,Deutsch
CAF-MM-F02,Marktforschung - Market Research 2,5,Kombinierte Prüfung,seminaristischer Unterricht,Prof. Dr. Joachim Scholz-Ligma,Deutsch
CAF-MM-F02,Marktforschung - Market Research 3,5,Kombinierte Prüfung,seminaristischer Unterricht,Prof. Dr. Joachim Scholz-Ligma,Deutsch
CAF-MM-F03,Kommunikation und Käuferverhalten - Kommunikation und Käuferverhalten 1,5,Kombinierte Prüfung,seminaristischer Unterricht,Prof. Dr. Dirk-Mario Boltz,Deutsch
CAF-MM-F03,Kommunikation und Käuferverhalten - Kommunikation und Käuferverhalten 2 Blended,5,Kombinierte Prüfung,seminaristischer Unterricht,Simone Krüger,Deutsch
CAF-MM-F03,Kommunikation und Käuferverhalten - Communication Strategies and Consumer Behaviour 3,5,Kombinierte Prüfung,seminaristischer Unterricht,Dr. Silke Knoll,Deutsch
CAF-MM-F05,"Digital Strategies for Public Communication, Social Media and Marketing",5,Kombinierte Prüfung,seminaristischer Unterricht,Marion Blacher-Schwake,Deutsch
CAF-MM-F08,Diversity in Consumer Research,5,Kombinierte Prüfung,Seminar,Dr. Silke Knoll,Deutsch
CAF-MM-F09,Online Marketing,5,Kombinierte Prüfung,seminaristischer Unterricht,Prof. Dr. Sonja Klose,Deutsch
CAF-MPO-F01,Personalmanagement - Personalmanagement 1,5,Kombinierte Prüfung,seminaristischer Unterricht,Prof. Dr. Monika Huesmann,Deutsch
CAF-MPO-F01,Personalmanagement - Personalmanagement 2,5,Kombinierte Prüfung,seminaristischer Unterricht,Dr. Mona Mylius,Deutsch
CAF-MPO-F01,Personalmanagement - Personalmanagement 3 Blended,5,Kombinierte Prüfung,seminaristischer Unterricht,Dr. Katharina Harsch,Deutsch
CAF-MPO-F01,Personalmanagement - Human Resource Management 4,5,Kombinierte Prüfung,seminaristischer Unterricht,Dr. Martina Heike Schubert,Deutsch
CAF-MPO-F02,Organisationsgestaltung - Organisationsgestaltung 1,5,Kombinierte Prüfung,seminaristischer Unterricht,Dr. Katharina Harsch,Deutsch
CAF-MPO-F02,Organisationsgestaltung - Organisationsgestaltung 2 Blended,5,Kombinierte Prüfung,seminaristischer Unterricht,Dr. Andreas Wieg,Deutsch
CAF-MPO-F02,Organisationsgestaltung - Organizational Design 3,5,Kombinierte Prüfung,seminaristischer Unterricht,Dr. Michael Graffius,Deutsch
CAF-MPO-F03,Rechtliche Aspekte von Personal und Organisation,5,Kombinierte Prüfung,seminaristischer Unterricht,Prof. Dr. Reingard Zimmer,Deutsch
CAF-MPO-F05,Führung und Teamarbeit in hybriden Arbeitsumgebungen - Führung und Teamarbeit in hybriden Arbeitsumgebungen 1,5,Kombinierte Prüfung,seminaristischer Unterricht,Prof. Dr. Christine Gockel,Deutsch
CAF-MPO-F06,Management Consulting,5,Kombinierte Prüfung,seminaristischer Unterricht,Prof. Dr. Matthias Tomenendal,Deutsch
CAF-MRE-F01,Bilanzierung und Recht der Rechnungslegung - Bilanzierung und Recht der Rechnungslegung 1,5,Klausur,seminaristischer Unterricht,Prof. Dr. Nadja Jehle,Deutsch
CAF-MRE-F01,Bilanzierung und Recht der Rechnungslegung - Bilanzierung und Recht der Rechnungslegung 2 Blended,5,Klausur,seminaristischer Unterricht,Prof. Dr. Hans Lieck,Deutsch
CAF-MRE-F02,Internationale Rechnungslegung - Internationale Rechnungslegung 1- Blended,5,Klausur,seminaristischer Unterricht,Prof. Dr. Madeleine Janke,Deutsch
CAF-MRE-F03,Konzernrechnungslegung / Konzerncontrolling,5,Klausur,seminaristischer Unterricht,Prof. Dr. Madeleine Janke,Deutsch
EcoPol-F06,The Politics of Social Cohesion in Europe,6.5,Kombinierte Prüfung,seminaristischer Unterricht,Prof. Dr. Martina Sproll,Deutsch
CAF-MSCOM-F01,Beschaffungs- und Produktionsmanagement - Beschaffungs- und Produktionsmanagement 1 Blended,5,Kombinierte Prüfung,seminaristischer Unterricht,Prof. Dr. Marc Rothländer,Deutsch
CAF-MSCOM-F01,Beschaffungs- und Produktionsmanagement - Production and Supply Management 2,5,Kombinierte Prüfung,seminaristischer Unterricht,Prof. Dr. Alexander Tsipoulanidis,Deutsch
CAF-MSCOM-F02,Distributions- und Transportmanagement - Distributions- und Transportmanagement 1 Blended,5,Kombinierte Prüfung,seminaristischer Unterricht,Prof. Dr. Marc Rothländer,Deutsch
CAF-MSCOM-F02,Distributions- und Transportmanagement - Distribution and Transportation Management 2,5,Kombinierte Prüfung,seminaristischer Unterricht,Prof. Dr. Eberhard Schmid,Deutsch
CAF-MSCOM-F03,Supply Chain Management und Informationssysteme,5,Kombinierte Prüfung,seminaristischer Unterricht,Prof. Dr. Christoph Manuel Meyer,Deutsch
CAF-MSCOM-F06,Operations Technology and Methods,5,Kombinierte Prüfung,seminaristischer Unterricht,Prof. Dr. Alexander Tsipoulanidis,Deutsch
QS-M01-F01,Introduction to Time Series Analysis,5,Klausur,seminaristischer Unterricht,Prof. Dr. Till Strohsal,Deutsch
QS-M01-F04,Platforms and Digital Business Ecosystems,5,Portfolio,seminaristischer Unterricht,Prof. Dr. Sabine Baumann / Tjark-Marvin Göllner,Deutsch
QS-M01-F05,International Management,5,Kombinierte Prüfung,seminaristischer Unterricht,Prof. Dr. Ewa Ostaszewska,Deutsch
IBMAN-MI-F01,Management Issues: Strategy and Innovation,5,Kombinierte Prüfung,seminaristischer Unterricht,Prof. Dr. Caroline V. Rudzinska,Deutsch
IBMAN-M32-F01,Communication and Interaction in a Professional Context - Communication and Interaction in a Professional Context 1,3,Leistungstest (undifferenziert),"Projektseminar, Action-learning",Martin Castro,Deutsch
IBMAN-M42-F01,Research Methodology,5,Leistungstest (undifferenziert),"Projektseminar, Action-learning",Prof. Dr. Christoph Dörrenbächer,Deutsch
IBMAN-M41-F01,Supervision,5,Leistungstest (undifferenziert),"Projektseminar, Action-learning",Prof. Dr. Katrin Böttcher,Deutsch
IBMAN-M10-F01,Business Simulation - Business Simulation 1,5,Kombinierte Prüfung,seminaristischer Unterricht,Prof. Dr. Agnes Aschfalk-Evertz / Prof. Dr. oec. Thomas Gruber,Deutsch
IBMAN-M34-F01,"History, Politics and Economics of the Host Country - History, Politics and Economics of the Host Country 1",5,Kombinierte Prüfung,seminaristischer Unterricht,Dr. Susanne Dittberner,Deutsch
IBMAN-M33-F01,Intercultural Communication - Intercultural Communication 1,3,Kombinierte Prüfung,"Projektseminar, Action-learning",Dr. Katharina Maak-Castro / Martin Castro,Deutsch
IBMAN-M22-F01,International Economics,5,Kombinierte Prüfung,seminaristischer Unterricht,Dr. habil. Elke Muchlinski / Prof. Dr. Jennifer Pédussel Wu,Deutsch
IBMAN-M07-F01,Strategic Management,5,Mündliche Prüfung (P),seminaristischer Unterricht,Prof. Dr. Mario Glowik,Deutsch
IBMAN-M23-F01,Fundamentals of Business Law,5,Kombinierte Prüfung,seminaristischer Unterricht,Prof. Dr. Torsten Straub,Deutsch
IBMAN-M03-F01,Marketing,5,Klausur,seminaristischer Unterricht,Prof. Dr. Andrea Rumler,Deutsch
IBMAN-M11-F01,Operations Management,5,Kombinierte Prüfung,seminaristischer Unterricht,Prof. Dr. Alexander Tsipoulanidis,Deutsch
IBMAN-M27-F01,Statistics,5,Klausur,seminaristischer Unterricht,Prof. Dr. Frank Brand,Deutsch
IBMAN-M25-F01,"Work, Business and Society",5,Kombinierte Prüfung,seminaristischer Unterricht,Nikos Markogiannakis,Deutsch
IBMAN-M08-F01,International Management - International Management 1,5,Kombinierte Prüfung,seminaristischer Unterricht,Prof. Dr. Christoph Dörrenbächer,Deutsch
IBMAN-M06-F01,Management Accounting and Controlling,5,Klausur,seminaristischer Unterricht,Prof. Dr. Michael Faustino Bauer,Deutsch
IBMAN-M09-F01,Organisational Behaviour in International Companies - Organisational Behaviour in International Companies 1,5,Kombinierte Prüfung,seminaristischer Unterricht,Prof. Dr. Barbara Beham,Deutsch
IBMAN-M12-F01,Corporate Environmental Management,5,Kombinierte Prüfung,seminaristischer Unterricht,Prof. Dr. Annett Baumast,Deutsch
IBMAN-M29-F01,Business Applications,5,Kombinierte Prüfung,seminaristischer Unterricht,Prof. Dr. Fatoumata Camara,Deutsch
IBMAN-M05-F01,Principles of Managerial Accounting,5,Klausur,seminaristischer Unterricht,Prof. Dr. oec. Thomas Gruber,Deutsch
IBMAN-M21-F01,Macroeconomics: The Economic Cycle and Employment,5,Kombinierte Prüfung,seminaristischer Unterricht,Prof. Dr. Till Strohsal,Deutsch
IBMAN-M24-F01,Regional Studies - Regional Studies 1,5,Kombinierte Prüfung,seminaristischer Unterricht,Prof. Dr. José Magone,Deutsch
IBMAN-M02-F01,Principles of Corporate Finance,5,Klausur,seminaristischer Unterricht,Prof. Dr. Marc Crummenerl,Deutsch
IBMAN-M30-F01,Introduction to the Study Programme and the Academic Environment,2,Leistungstest (undifferenziert),seminaristischer Unterricht,Prof. Dr. Mario Glowik,Deutsch
IBMAN-M31-F01,Self Management - Self Management 1,3,Leistungstest (undifferenziert),"Projektseminar, Action-learning",Daisy Krüger,Deutsch
IBMAN-M04-F01,Principles of Financial Accounting,5,Klausur,seminaristischer Unterricht,Alexander Westphal,Deutsch
IBMAN-M01-F01,Human Resources and Organisation,5,Kombinierte Prüfung,seminaristischer Unterricht,John C. Davis,Deutsch
IBMAN-M26-F01,Mathematics for Business and Economics,5,Klausur,seminaristischer Unterricht,Sourav Adhikari,Deutsch
IBMAN-M20-F01,Microeconomics: Allocation and Distribution,5,Klausur,seminaristischer Unterricht,Prof. Dr. Jennifer Pédussel Wu,Deutsch
IBMAN-M28-F01,Digital Business,5,Leistungstest (undifferenziert),seminaristischer Unterricht,Dr. Salim Chujfi La Roche,Deutsch
IBMAN-M08-F01,International Management - International Management 2,5,Kombinierte Prüfung,seminaristischer Unterricht,Prof. Dr. Ewa Ostaszewska,Deutsch
IBMAN-M09-F01,Organisational Behaviour in International Companies - Organisational Behaviour in International Companies 2,5,Kombinierte Prüfung,seminaristischer Unterricht,Dr. Jessica Di Bella,Deutsch
IBMAN-M10-F01,Business Simulation - Business Simulation 2,5,Kombinierte Prüfung,seminaristischer Unterricht,Prof. Dr. rer. Sabine Haller / Prof. Dr. Tobias Braun,Deutsch
IBMAN-M24-F01,Regional Studies - Regional Studies 2,5,Kombinierte Prüfung,seminaristischer Unterricht,Prof. Dr. José Magone,Deutsch
IBMAN-M31-F01,Self Management - Self Management 2,3,Leistungstest (undifferenziert),"Projektseminar, Action-learning",Daisy Krüger,Deutsch
IBMAN-M32-F01,Communication and Interaction in a Professional Context - Communication and Interaction in a Professional Context 2,3,Leistungstest (undifferenziert),"Projektseminar, Action-learning",Rami Abo Zarad,Deutsch
IBMAN-M33-F01,Intercultural Communication - Intercultural Communication 2,3,Kombinierte Prüfung,"Projektseminar, Action-learning",Rami Abo Zarad,Deutsch
IBMAN-M34-F01,"History, Politics and Economics of the Host Country - History, Politics and Economics of the Host Country 2",5,Kombinierte Prüfung,seminaristischer Unterricht,Jörg Nielandt,Deutsch
WiRecht-M39-F02...,English for Business Law: Common Law Cases,3,Leistungstest (undifferenziert),seminaristischer Unterricht,Prof. Dr. Torsten Straub,Englisch
WiRecht-M39-F01...,English for Business Law: English Legal System,3,Leistungstest (undifferenziert),seminaristischer Unterricht,Prof. Dr. Torsten Straub,Englisch
WiRecht-M09-F01...,Vertiefung Zivilrecht,3,Klausur,Praktische Übung,Prof. Dr. Sebastian Schunke,Deutsch
WiRecht-M41-F01...,Praxisseminar,1,Leistungstest (undifferenziert),"Projektseminar, Action-learning",Prof. Dr. Sebastian Schunke,Deutsch
WiRecht-M06-F02...,Recht im Unternehmen (Gesellschaftsrecht I),2.5,Klausur,seminaristischer Unterricht,Julia Preußer,Deutsch
WiRecht-M06-F01...,Recht im Unternehmen (Arbeitsrecht I),2.5,Klausur,seminaristischer Unterricht,Prof. Dr. Reingard Zimmer,Deutsch
WiRecht-M04-F01...,Zivilrecht III,5,Kombinierte Prüfung,Seminar,Prof. Dr. Sebastian Schunke,Deutsch
WiRecht-M05-F01...,Zivilrecht IV,5,Hausarbeit,seminaristischer Unterricht,Prof. Dr. Arnold Lehmann-Richter,Deutsch
WiRecht-M12-F01...,Wirtschaftsstrafrecht,5,Klausur,seminaristischer Unterricht,Alexander Sättele,Deutsch
WiRecht-M23-F01...,Bank- und Kreditsicherungsrecht,5,Klausur,seminaristischer Unterricht,Prof. Dr. Julia Klauer,Deutsch
WiRecht-M08-F01...,Gesellschaftsrecht II,5,Hausarbeit,seminaristischer Unterricht,Julia Preußer,Deutsch
WiRecht-M21-F01...,Europäisches Wirtschaftsrecht,5,Kombinierte Prüfung,seminaristischer Unterricht,Prof. Dr. Torsten Straub,Deutsch
WiRecht-M07-F01...,Arbeitsrecht II,5,Kombinierte Prüfung,seminaristischer Unterricht,Prof. Dr. Stefanie Lorenzen,Deutsch
Wi-Inf-M16-F01,Recht der digitalen Wirtschaft,5,Hausarbeit,"Projektseminar, Action-learning",Dr. Michael Funke,Deutsch
WiRecht-M24-F01...,Praktische Anwendungen des Wirtschaftsrechts,5,Kombinierte Prüfung,seminaristischer Unterricht,Prof. Dr. Torsten Straub,Deutsch
WiRecht-M03-F01...,Zivilrecht II,5,Hausarbeit,seminaristischer Unterricht,Prof. Dr. Arnold Lehmann-Richter,Deutsch
WiRecht-M35-F01...,Statistik,5,Klausur,seminaristischer Unterricht,Dr. Michael Schlegel,Deutsch
WiRecht-M11-F02...,Öffentliches Wirtschaftsrecht,5,Klausur,seminaristischer Unterricht,Prof. Dr. Johannes Schäffer / Nina Tippmann,Deutsch
WiRecht-M01-F01...,Einführung in das Studium,2,Leistungstest (undifferenziert),Projektseminar,Prof. Dr. Sebastian Schunke,Deutsch
WiRecht-M34-F01...,Volkswirtschaftliche Rahmenbedingungen,5,Klausur,Seminar,Dr. Sylvi Rzepka,Deutsch
WiRecht-M02-F01...,Zivilrecht I,5,Klausur,seminaristischer Unterricht,Julia Preußer,Deutsch
BA-WiIng-M32-F0...,Projektmanagement und Fallstudien,5,Kombinierte Prüfung,seminaristischer Unterricht,Frank Hinrichs / Charlotte Ritter,Deutsch
BA-WiIng-M33-F0...,Unternehmenssimulation mit Teamentwicklung und Supervision - Unternehmenssimulation mit Teamentwicklung und Supervision 1,5,Kombinierte Prüfung (undifferenziert),Übung,Prof. Dr. rer. Christian Noss / Susanne Schubert,Deutsch
BA-WiIng-M34-F0...,Strategische Finanzplanung und Bewertung,5,Klausur,seminaristischer Unterricht,Prof. Dr. Frank Witte,Deutsch
BA-WiIng-M36-F0...,Nachhaltiges Operations Management II,5,Kombinierte Prüfung,seminaristischer Unterricht,Prof. Dr. Eberhard Schmid,Deutsch
BA-WiIng-M37-F0...,Analyse unternehmerischer Nachhaltigkeit,5,Klausur,seminaristischer Unterricht,Prof. Dr. Annett Baumast,Deutsch
BA-WiIng-M21-F0...,Statistik,5,Klausur,seminaristischer Unterricht,Dr. Hartmut Bauer,Deutsch
BA-WiIng-M22-F0...,Investition und Finanzierung,5,Klausur,seminaristischer Unterricht,Prof. Dr. Axel Hellmann,Deutsch
BA-WiIng-M07-F0...,Business English II,0,Kombinierte Prüfung,Übung,Sandra Baker,Englisch
BA-WiIng-M07-F0...,Business English III,0,Kombinierte Prüfung,Übung,Sandra Baker,Englisch
BA-WiIng-M08-F0...,Einführung in die Umweltökonomie und nachhaltige Entwicklung,5,Klausur,seminaristischer Unterricht,Gerrit von Jorck,Deutsch
BA-WiIng-M09-F0...,Marketing,5,Klausur,seminaristischer Unterricht,Prof. Dr. rer. Harald Rüggeberg,Deutsch
BA-WiIng-M33-F0...,Unternehmenssimulation mit Teamentwicklung und Supervision - Unternehmenssimulation mit Teamentwicklung und Supervision 2,5,Kombinierte Prüfung (undifferenziert),Übung,Robert Dabitz / Sandra Fanroth,Deutsch
Wi-Inf-M12-F01,Sicherheit in der Informationstechnologie,5,Kombinierte Prüfung,seminaristischer Unterricht,Prof. Dr. Katja Andresen,Deutsch
Wi-Inf-M37-F01,Praxisseminar,1,Leistungstest (undifferenziert),"Projektseminar, Action-learning",Prof. Dr. rer. Heike Wiesner,Deutsch
Wi-Inf-M17-F01,Unternehmenssoftware für KMU,5,Kombinierte Prüfung,Übung am PC,Corinna Friebel-Fohrholz,Deutsch
Wi-Inf-M14-F01,IT Governance und IT Service Management,5,Klausur,Praktische Übung,Prof. Dr. Sven Pohland,Deutsch
Wi-Inf-M10-F01,Projekt Software Engineering,10,Projektdokumentation,"Projektseminar, Action-learning",Prof. Dr. rer. Heike Wiesner,Deutsch
Wi-Inf-M28-F01,Volkswirtschaftliche Rahmenbedingungen,5,Klausur,seminaristischer Unterricht,Dr. Heinrich Jess,Deutsch
Wi-Inf-M04-F01,Datenbanken,10,Klausur,seminaristischer Unterricht,Prof. Dr. Markus Schaal,Deutsch
Wi-Inf-M31-F01,Statistik,5,Klausur,seminaristischer Unterricht,Prof. Dr. rer. nat. Susanne Hannappel,Deutsch
Wi-Inf-M08-F01,App Entwicklung mit Android,5,Kombinierte Prüfung,seminaristischer Unterricht,Holger Zimmermann,Deutsch
Wi-Inf-M11-F01,Unternehmensmodellierung,5,Klausur,seminaristischer Unterricht,Prof. Dr. Frank Habermann,Deutsch
Wi-Inf-M15-F01,Aktuelle Fragen der Wirtschaftsinformatik,5,Kombinierte Prüfung,"Projektseminar, Action-learning",Prof. Dr. Alexander Eck,Deutsch
Wi-Inf-M18-F01,E-Business und digitale Geschäftsmodelle,5,Kombinierte Prüfung,Übung am PC,Andreas Gäbler,Deutsch
Wi-Inf-M35-F01,Projektmanagement,5,Kombinierte Prüfung (undifferenziert),seminaristischer Unterricht,Prof. Dr. Sven Pohland,Deutsch
Wi-Inf-M13-F01,Informations- und Kommunikationsmanagement - Informations- und Kommunikationsmanagement 1,5,Kombinierte Prüfung,Praktische Übung,Ertan Gönülal,Deutsch
Wi-Inf-M09-F02,Full-Stack Web Development,5,Programmentwurf,Übung am PC,Prof. Dr. Alexander Eck,Deutsch
Wi-Inf-M19-F02,Introduction to Data Analytics,5,Kombinierte Prüfung,Übung am PC,Khanh Le Nguyen,Deutsch
Wi-Inf-M33-F01,English 2- English for Information Technology Part 2 - English 2- English for Information Technology Part 2 __ 1,3,Leistungstest (undifferenziert),Praktische Übung,Aleksandar Zivkovic,Englisch
Wi-Inf-M03-F01,Betriebliche Informationssysteme,5,Kombinierte Prüfung,seminaristischer Unterricht,Prof. Dr. Katja Andresen,Deutsch
Wi-Inf-M06-F01,Objektorientierte Programmierung II - Objektorientierte Programmierung II_1,5,Kombinierte Prüfung,Übung am PC,Prof. Dr. Markus Schaal,Deutsch
Wi-Inf-M01-F01,Einführung in das Studium der Wirtschaftsinformatik - Einführung in das Studium der Wirtschaftsinformatik 1,1,Leistungstest (undifferenziert),"Projektseminar, Action-learning",Prof. Dr. Katja Andresen,Deutsch
Wi-Inf-M32-F01,English 1- English for Information Technology Part 1 - English 1- English for Information Technology Part 1 __ 1,3,Leistungstest (undifferenziert),Praktische Übung,Aleksandar Zivkovic,Englisch
Wi-Inf-M27-F01,Sozialwissenschaftliche Aspekte der Informations- und Wissensgesellschaft,5,Kombinierte Prüfung,seminaristischer Unterricht,Prof. Dr. rer. Heike Wiesner,Deutsch
Wi-Inf-M05-F01,Objektorientierte Programmierung I - Objektorientierte Programmierung I_1,5,Kombinierte Prüfung,Übung am PC,Prof. Dr. Diana Hristova,Deutsch
Wi-Inf-M02-F01,Grundlagen der Wirtschaftsinformatik - Grundlagen der Wirtschaftsinformatik 1,5,Kombinierte Prüfung,Übung am PC,Randy Witte,Deutsch
Wi-Inf-M01-F01,Einführung in das Studium der Wirtschaftsinformatik - Einführung in das Studium der Wirtschaftsinformatik 2,1,Leistungstest (undifferenziert),"Projektseminar, Action-learning",Thomas Schwier,Deutsch
Wi-Inf-M02-F01,Grundlagen der Wirtschaftsinformatik - Grundlagen der Wirtschaftsinformatik 2,5,Kombinierte Prüfung,Übung am PC,Leonie Scholl,Deutsch
Wi-Inf-M05-F01,Objektorientierte Programmierung I - Objektorientierte Programmierung I_2,5,Kombinierte Prüfung,Übung am PC,Prof. Dr. Diana Hristova,Deutsch
Wi-Inf-M06-F01,Objektorientierte Programmierung II - Objektorientierte Programmierung II_2,5,Kombinierte Prüfung,Übung am PC,Prof. Dr. Alexander Eck,Deutsch
Wi-Inf-M32-F01,English 1- English for Information Technology Part 1 - English 1- English for Information Technology Part 1 __ 2,3,Leistungstest (undifferenziert),Praktische Übung,Aleksandar Zivkovic,Englisch
Wi-Inf-M33-F01,English 2- English for Information Technology Part 2 - English 2- English for Information Technology Part 2 __ 2,3,Leistungstest (undifferenziert),Praktische Übung,Alan McElroy,Englisch
Wi-Inf-M20-F01,Optimierung und Simulation - Optimisation and Simulation,5,Kombinierte Prüfung,"Projektseminar, Action-learning",Prof. Dr. Frank Brand,Deutsch
BA-Eco-M43-F01,Praxisseminar,1,Referat (undifferenziert),"Projektseminar, Action-learning",Prof. Dr. Tobias Börger,Deutsch
BA-Eco-M35-F01,Statistik II - Statistik II_1,5,Klausur,seminaristischer Unterricht,Prof. Dr. Thomas Knispel,Deutsch
BA-Eco-M35-F01,Statistik II - Statistik II_2,5,Klausur,seminaristischer Unterricht,Prof. Dr. Markus Löcher,Deutsch
BA-Eco-M35-F01,Statistik II - Statistik II_3,5,Klausur,seminaristischer Unterricht,Prof. Dr. rer. nat. Susanne Hannappel,Deutsch
BA-Eco-M34-F01,Statistik I,5,Klausur,seminaristischer Unterricht,Prof. Dr. Edin Basic,Deutsch
BA-Eco-M33-F01,Wirtschaftsmathematik,5,Klausur,Seminar,Gunda-Alexandra Detmers,Deutsch
BA-Eco-M17-F01,Verhaltensökonomik - Behavioral Economics,5,Kombinierte Prüfung,seminaristischer Unterricht,Prof. Dr. Tim Lohse / Prof. Dr. Salmai Qari,Deutsch
BA-Eco-M13-F01,Europäische Wirtschaftspolitik - European Economic Policy,5,Kombinierte Prüfung,"Projektseminar, Action-learning",Dr. habil. Elke Muchlinski,Deutsch
BA-Eco-M10-F01,Theorie der Wirtschaftspolitik,5,Kombinierte Prüfung,seminaristischer Unterricht,Sarah Godar,Deutsch
BA-Eco-M08-F01,Angewandte Mikroökonomie,5,Klausur,seminaristischer Unterricht,Prof. Dr. Tim Lohse,Deutsch
BA-Eco-M07-F01,Nationale und internationale Finanzbeziehungen - National and International Financial Relations,5,Hausarbeit,seminaristischer Unterricht,Ayoze Alfageme,Deutsch
BA-Eco-M06-F01,Empirische Wirtschaftsforschung und Grundlagen der Ökonometrie - Empirische Wirtschaftsforschung und Grundlagen der Ökonometrie 1,5,Klausur,seminaristischer Unterricht,Prof. Dr. Salmai Qari,Deutsch
BA-Eco-M06-F01,Empirische Wirtschaftsforschung und Grundlagen der Ökonometrie - Empirical Economic Research and Introductory Econometrics 2,5,Klausur,seminaristischer Unterricht,Prof. Dr. Salmai Qari,Deutsch
BA-Eco-M04-F01,Mikroökonomie II,5,Klausur,seminaristischer Unterricht,Dr. Enrico Böhme,Deutsch
BA-Eco-M01-F01,Einführung in das Volkswirtschaftsstudium,2,Leistungstest (undifferenziert),"Projektseminar, Action-learning",Prof. Dr. Tobias Börger,Deutsch
CAF-MM-F06,Welcome to the machine: KI-Tools für jeden Schritt im Marketing,5,Kombinierte Prüfung,Seminar,Prof. Dr. Dirk-Mario Boltz,Deutsch
BA-BUS-M11-F01,Unternehmenssimulation und Teamentwicklung - Unternehmenssimulation und Teamentwicklung 1,5,Leistungstest (undifferenziert),Praktische Übung,Prof. Dr. rer. Christian Noss,Deutsch
BA-BUS-M11-F01,Unternehmenssimulation und Teamentwicklung - Unternehmenssimulation und Teamentwicklung 2,5,Leistungstest (undifferenziert),Praktische Übung,Prof. Dr. B. Peter Utzig / Prof. Dr. Frank Witte,Deutsch
BA-BUS-M11-F01,Unternehmenssimulation und Teamentwicklung - Unternehmenssimulation und Teamentwicklung 3,5,Leistungstest (undifferenziert),Praktische Übung,Prof. Dr. B. Peter Utzig / Prof. Dr. Frank Witte,Deutsch
BA-BUS-M11-F01,Unternehmenssimulation und Teamentwicklung - Unternehmenssimulation und Teamentwicklung 4,5,Leistungstest (undifferenziert),Praktische Übung,Prof. Dr. rer. Christian Noss / Prof. Dr. Martina Eberl,Deutsch
BA-BUS-M11-F01,Unternehmenssimulation und Teamentwicklung - Unternehmenssimulation und Teamentwicklung 5,5,Leistungstest (undifferenziert),Praktische Übung,Prof. Dr. Thomas Wolke,Deutsch
BA-BUS-M11-F01,Unternehmenssimulation und Teamentwicklung - Unternehmenssimulation und Teamentwicklung 6,5,Leistungstest (undifferenziert),Praktische Übung,Prof. Dr. rer. Christian Noss / Prof. Dr. Katrin Böttcher,Deutsch
BA-BUS-M11-F01,Unternehmenssimulation und Teamentwicklung - Unternehmenssimulation und Teamentwicklung 7,5,Leistungstest (undifferenziert),Praktische Übung,Prof. Dr. rer. Christian Noss,Deutsch
BA-BUS-M11-F01,Unternehmenssimulation und Teamentwicklung - Unternehmenssimulation und Teamentwicklung 8,5,Leistungstest (undifferenziert),Praktische Übung,Prof. Dr. rer. Sabine Haller / Prof. Dr. Tobias Braun,Deutsch
BUS-MSQ-F01,Selbstmanagement - Selbstmanagement 1,3,Leistungstest (undifferenziert),"Projektseminar, Action-learning",Dietrich Wolbert,Deutsch
BUS-MSQ-F01,Selbstmanagement - Selbstmanagement 2,3,Leistungstest (undifferenziert),"Projektseminar, Action-learning",Dietrich Wolbert,Deutsch
BUS-MSQ-F01,Selbstmanagement - Selbstmanagement 3,3,Leistungstest (undifferenziert),"Projektseminar, Action-learning",Sandra Mihailovic,Deutsch
BUS-MSQ-F01,Selbstmanagement - Selbstmanagement 4,3,Leistungstest (undifferenziert),"Projektseminar, Action-learning",Ina Brodersen,Deutsch
BUS-MSQ-F01,Selbstmanagement - Self Management 5,3,Leistungstest (undifferenziert),"Projektseminar, Action-learning",Dr. Martina Heike Schubert / Dr. Gregor Wittke,Deutsch
BUS-MSQ-F02,Kommunikation und Präsentation - Kommunikation und Präsentation 1,3,Leistungstest (undifferenziert),"Projektseminar, Action-learning",Siegrid Nordhausen,Deutsch
BUS-MSQ-F02,Kommunikation und Präsentation - Kommunikation und Präsentation 2,3,Leistungstest (undifferenziert),"Projektseminar, Action-learning",Dr. Sabine Vollmert-Spiesky,Deutsch
BUS-MSQ-F02,Kommunikation und Präsentation - Kommunikation und Präsentation 3 Blended,3,Leistungstest (undifferenziert),"Projektseminar, Action-learning",Aleksandra Skoric,Deutsch
BUS-MSQ-F04,Tabellenkalkulation für Entscheidungen in der Wirtschaft (Excel) - Tabellenkalkulation für Entscheidungen in der Wirtschaft (Excel) 1,3,Leistungstest (undifferenziert),"Projektseminar, Action-learning",Prof. Dr. Monika Huesmann,Deutsch
BUS-MSQ-F04,Tabellenkalkulation für Entscheidungen in der Wirtschaft (Excel) - Tabellenkalkulation für Entscheidungen in der Wirtschaft (Excel) 2,3,Leistungstest (undifferenziert),"Projektseminar, Action-learning",Prof. Dr. Thomas Wolke,Deutsch
BUS-MSQ-F04,Tabellenkalkulation für Entscheidungen in der Wirtschaft (Excel) - Tabellenkalkulation für Entscheidungen in der Wirtschaft (Excel) 3 Blended,3,Leistungstest (undifferenziert),"Projektseminar, Action-learning",Prof. Dr. Axel Zernack,Deutsch
BUS-MSQ-F03,Agiles Projektmanagement - Agiles Projektmanagement 1,3,Leistungstest (undifferenziert),"Projektseminar, Action-learning",Julia Puki,Deutsch
BUS-MSQ-F03,Agiles Projektmanagement - Agiles Projektmanagement 2,3,Leistungstest (undifferenziert),"Projektseminar, Action-learning",Annette Schalla,Deutsch
BUS-MSQ-F03,Agiles Projektmanagement - Agiles Projektmanagement 3,3,Leistungstest (undifferenziert),"Projektseminar, Action-learning",Stefan Grave,Deutsch
BUS-MSQ-F03,Agiles Projektmanagement - Agiles Projektmanagement 4 Blended,3,Leistungstest (undifferenziert),"Projektseminar, Action-learning",Stefan Grave,Deutsch
BUS-MSQ-F05,Gesprächsführung - Gesprächsführung 1,3,Leistungstest (undifferenziert),"Projektseminar, Action-learning",Jacqueline Grassmé-Grave / Stefan Grave,Deutsch
BUS-MSQ-F05,Gesprächsführung - Gesprächsführung 2,3,Leistungstest (undifferenziert),"Projektseminar, Action-learning",Ulrike Kiewitt,Deutsch
BUS-MSQ-F05,Gesprächsführung - Gesprächsführung 3,3,Leistungstest (undifferenziert),"Projektseminar, Action-learning",Dr. Sabine Vollmert-Spiesky,Deutsch
BUS-MSQ-F06,Interkulturelle Kompetenz - Interkulturelle Kompetenz 1,3,Leistungstest (undifferenziert),"Projektseminar, Action-learning",Tanja Nettelnstroth,Deutsch
BUS-MSQ-F06,Interkulturelle Kompetenz - Intercultural Competence 2,3,Leistungstest (undifferenziert),"Projektseminar, Action-learning",Saskia Vellguth,Deutsch
BUS-MSQ-F06,Interkulturelle Kompetenz - Interkulturelle Kompetenz 3 Blended,3,Leistungstest (undifferenziert),"Projektseminar, Action-learning",Dr. Martina Heike Schubert / Dr. Gregor Wittke,Deutsch
BUS-MSQ-F07,Improve-Präsentationstraining/ Improvisationstheater - Improve-Präsentationstraining/ Improvisationstheater 1,3,Leistungstest (undifferenziert),"Projektseminar, Action-learning",Angeline Heilfort,Deutsch
BUS-MSQ-F08,Design Thinking - Design Thinking 1,3,Leistungstest (undifferenziert),"Projektseminar, Action-learning",Sarah Ben Bernou,Deutsch
BUS-MSQ-F08,Design Thinking - Design Thinking 2,3,Leistungstest (undifferenziert),"Projektseminar, Action-learning",Michael Metzger,Deutsch
BUS-MSQ-F08,Design Thinking - Design Thinking 3,3,Leistungstest (undifferenziert),"Projektseminar, Action-learning",Kerstin Buschbeck,Deutsch
BUS-MSQ-F09,Grundlagen der Digitalisierung - Grundlagen der Digitalisierung 1,3,Leistungstest (undifferenziert),"Projektseminar, Action-learning",Prof. Dr. Katrin Böttcher,Deutsch
BUS-MSQ-F09,Grundlagen der Digitalisierung - Grundlagen der Digitalisierung 2,3,Leistungstest (undifferenziert),"Projektseminar, Action-learning",Marian Felkel,Deutsch
BUS-MSQ-F09,Grundlagen der Digitalisierung - Grundlagen der Digitalisierung 3,3,Leistungstest (undifferenziert),"Projektseminar, Action-learning",Marian Felkel,Deutsch
BUS-MSQ-F10,Visual Thinking for Business - Visual Thinking for Business 1,3,Leistungstest (undifferenziert),"Projektseminar, Action-learning",Philip McClenaghan,Deutsch
BUS-MSQ-F10,Visual Thinking for Business - Visual Thinking for Business 2,3,Leistungstest (undifferenziert),"Projektseminar, Action-learning",Philip McClenaghan,Deutsch
BUS-MSQ-F11,International Project Management - International Project Management 1,3,Leistungstest (undifferenziert),"Projektseminar, Action-learning",Sakib Mehanovic,Deutsch
BUS-MSQ-F11,International Project Management - International Project Management 2 Blended,3,Leistungstest (undifferenziert),"Projektseminar, Action-learning",Sakib Mehanovic,Deutsch
BUS-MSQ-F12,Generative AI - Generative AI 1,3,Leistungstest (undifferenziert),"Projektseminar, Action-learning",Tore Reimers,Deutsch
BUS-MSQ-F12,Generative AI - Generative AI 2,3,Leistungstest (undifferenziert),"Projektseminar, Action-learning",Dr. rer. pol. Paul Walter,Deutsch
BUS-MSQ-F12,Generative AI - Generative AI 3,3,Leistungstest (undifferenziert),"Projektseminar, Action-learning",Jonas Eberlein,Deutsch
BUS-MSQ-F12,Generative AI - Generative AI 4,3,Leistungstest (undifferenziert),"Projektseminar, Action-learning",Christian Klang,Deutsch
BUS-M39-F01,Praxisseminar - Praxisseminar 8,1,Leistungstest (undifferenziert),Seminar,Prof. Dr. Jochen Breinlinger-O'Reilly,Deutsch
CAF-MBS-F02,Ausgewählte Fragen der Unternehmensbesteuerung,5,Kombinierte Prüfung,seminaristischer Unterricht,Prof. Dr. Wojciech Stiller,Deutsch
BA-Eco-M14-F01,"Märkte, Wettbewerb und Regulierung",5,Klausur,seminaristischer Unterricht,Prof. Dr. Andreas Polk,Deutsch
BA-BUS-MSQ-F07,Improve-Präsentationstraining/ Improvisationstheater,2.5,Leistungstest (undifferenziert),"Projektseminar, Action-learning",Angeline Heilfort,Deutsch
BUS-MSQ-F01,Selbstmanagement - Selbstmanagement 6 Blended,3,Leistungstest (undifferenziert),"Projektseminar, Action-learning",Mona Katzenberger,Deutsch
BUS-MSQ-F12,Generative AI - Generative AI 5 Blended,3,Leistungstest (undifferenziert),"Projektseminar, Action-learning",Tore Reimers,Deutsch
IBMAN-MI-F13,Management Issues: Project Management,5,Kombinierte Prüfung,seminaristischer Unterricht,Andreas Imthurn,Deutsch
IBMAN-MI-F09,Management Issues: Entrepreneurship,5,Kombinierte Prüfung,seminaristischer Unterricht,Prof. Dr. rer. Sven Ripsas,Deutsch
MPE-M01-F23,Strategic Responsible Transformation,6.5,Kombinierte Prüfung,seminaristischer Unterricht,Prof. Dr. Matthias Tomenendal,Deutsch
BA-BUS-M27-F01,Wirtschaftsmathematik - Wirtschaftsmathematik 7 - Nachzügler,5,Klausur,seminaristischer Unterricht,,Deutsch
CAF-MSCOM-F08,Nachhaltige Planung und Optimierung logistischer Systeme im Supply Chain Management,5,Kombinierte Prüfung,seminaristischer Unterricht,Prof. Dr. Marc Rothländer,Deutsch
BUS-M12-F01,"Wirtschaftswissenschaftliches Seminar - Seminar 10 - KI, Automatisierung, Plattformökonomie",5,Hausarbeit,seminaristischer Unterricht,Jonny Bix Bongers,Deutsch
BUS-M10-F01,Operations Management - Operations Management 4 (Englisch),5,Kombinierte Prüfung,seminaristischer Unterricht,Martin Bodo Pruy,Englisch
BA-BUS-M08-F01,Instrumente des Controllings - Instrumente des Controllings 8,5,Klausur,seminaristischer Unterricht,Martin Bodo Pruy,Deutsch
BUS-M12-F01,Wirtschaftswissenschaftliches Seminar - Seminar 11 - Empirische Finanzmarktforschung,5,Hausarbeit,seminaristischer Unterricht,Dr. Stefan Paulus,Deutsch
BA-ISUM-M11-F01,Sustainable Operations Management II,5,Klausur,seminaristischer Lehrvortrag,Prof. Dr. Eberhard Schmid,Deutsch
BA-ISUM-M14-F01,Integrated Sustainability Reporting,5,Kombinierte Prüfung,seminaristischer Lehrvortrag,Prof. Dr. Annett Baumast,Deutsch
BA-ISUM-M17-F01,Statistics & Applications in Data Science,5,Klausur,seminaristischer Lehrvortrag,Prof. Dr. Maria Osipenko / Fanqi Meng,Deutsch
BA-ISUM-M22-F01,Entrepreneurial Project III,10,Portfolio,seminaristischer Lehrvortrag,Prof. Dr. Barbara Beham / Prof. Dr. rer. Sven Ripsas / Sylvia Krepska,Deutsch
BA-ISUM-M24-F01,Storytelling for Business & Business Ethics,5,Kombinierte Prüfung,Übung,Prof. Dr. Katja Andresen / Jonny Bix Bongers,Deutsch
BA-ISUM-M09-F01,Sustainability Marketing,5,Kombinierte Prüfung,seminaristischer Lehrvortrag,Julia Hüller,Deutsch
BA-ISUM-M23-F01,Academic Writing & Managing Complexity - Academic Writing & Managing Complexity 1,5,Kombinierte Prüfung,Übung,Martin Castro / Prof. Dr. Tobias Braun,Deutsch
BA-ISUM-M21-F04,Entrepreneurial Project II,5,Portfolio,"Projektseminar, Action-learning",Dr. Yana Heussen / Maximilian Mauracher,Deutsch
BA-ISUM-M23-F01,Academic Writing & Managing Complexity - Academic Writing & Managing Complexity 2,5,Kombinierte Prüfung,Übung,Dr. Katharina Maak-Castro / Prof. Dr. Tobias Braun,Deutsch
WiRecht-M39-F02,English for Business Law: Common Law Cases,3,Leistungstest (undifferenziert),seminaristischer Unterricht,Prof. Dr. Torsten Straub,Englisch
WiRecht-M39-F01,English for Business Law: English Legal System,3,Leistungstest (undifferenziert),seminaristischer Unterricht,Prof. Dr. Torsten Straub,Englisch
WiRecht-M09-F01,Vertiefung Zivilrecht,3,Klausur,Praktische Übung,Prof. Dr. Sebastian Schunke,Deutsch
WiRecht-M41-F01,Praxisseminar,1,Leistungstest (undifferenziert),"Projektseminar, Action-learning",Prof. Dr. Sebastian Schunke,Deutsch
WiRecht-M06-F02,Recht im Unternehmen (Gesellschaftsrecht I),2.5,Klausur,seminaristischer Unterricht,Julia Preußer,Deutsch
WiRecht-M06-F01,Recht im Unternehmen (Arbeitsrecht I),2.5,Klausur,seminaristischer Unterricht,Prof. Dr. Reingard Zimmer,Deutsch
WiRecht-M04-F01,Zivilrecht III,5,Kombinierte Prüfung,Seminar,Prof. Dr. Sebastian Schunke,Deutsch
WiRecht-M05-F01,Zivilrecht IV,5,Hausarbeit,seminaristischer Unterricht,Prof. Dr. Arnold Lehmann-Richter,Deutsch
WiRecht-M12-F01,Wirtschaftsstrafrecht,5,Klausur,seminaristischer Unterricht,Alexander Sättele,Deutsch
WiRecht-M23-F01,Bank- und Kreditsicherungsrecht,5,Klausur,seminaristischer Unterricht,Prof. Dr. Julia Klauer,Deutsch
WiRecht-M08-F01,Gesellschaftsrecht II,5,Hausarbeit,seminaristischer Unterricht,Julia Preußer,Deutsch
WiRecht-M21-F01,Europäisches Wirtschaftsrecht,5,Kombinierte Prüfung,seminaristischer Unterricht,Prof. Dr. Torsten Straub,Deutsch
WiRecht-M07-F01,Arbeitsrecht II,5,Kombinierte Prüfung,seminaristischer Unterricht,Prof. Dr. Stefanie Lorenzen,Deutsch
WiRecht-M24-F01,Praktische Anwendungen des Wirtschaftsrechts,5,Kombinierte Prüfung,seminaristischer Unterricht,Prof. Dr. Torsten Straub,Deutsch
WiRecht-M03-F01,Zivilrecht II,5,Hausarbeit,seminaristischer Unterricht,Prof. Dr. Arnold Lehmann-Richter,Deutsch
WiRecht-M35-F01,Statistik,5,Klausur,seminaristischer Unterricht,Dr. Michael Schlegel,Deutsch
WiRecht-M11-F02,Öffentliches Wirtschaftsrecht,5,Klausur,seminaristischer Unterricht,Prof. Dr. Johannes Schäffer / Nina Tippmann,Deutsch
WiRecht-M01-F01,Einführung in das Studium,2,Leistungstest (undifferenziert),Projektseminar,Prof. Dr. Sebastian Schunke,Deutsch
WiRecht-M34-F01,Volkswirtschaftliche Rahmenbedingungen,5,Klausur,Seminar,Dr. Sylvi Rzepka,Deutsch
WiRecht-M02-F01,Zivilrecht I,5,Klausur,seminaristischer Unterricht,Julia Preußer,Deutsch
BA-WiIng-M32-F01,Projektmanagement und Fallstudien,5,Kombinierte Prüfung,seminaristischer Unterricht,Frank Hinrichs / Charlotte Ritter,Deutsch
BA-WiIng-M33-F01,Unternehmenssimulation mit Teamentwicklung und Supervision - Unternehmenssimulation mit Teamentwicklung und Supervision 1,5,Kombinierte Prüfung (undifferenziert),Übung,Prof. Dr. rer. Christian Noss / Susanne Schubert,Deutsch
BA-WiIng-M34-F01,Strategische Finanzplanung und Bewertung,5,Klausur,seminaristischer Unterricht,Prof. Dr. Frank Witte,Deutsch
BA-WiIng-M36-F01,Nachhaltiges Operations Management II,5,Kombinierte Prüfung,seminaristischer Unterricht,Prof. Dr. Eberhard Schmid,Deutsch
BA-WiIng-M37-F01,Analyse unternehmerischer Nachhaltigkeit,5,Klausur,seminaristischer Unterricht,Prof. Dr. Annett Baumast,Deutsch
BA-WiIng-M21-F01,Statistik,5,Klausur,seminaristischer Unterricht,Dr. Hartmut Bauer,Deutsch
BA-WiIng-M22-F01,Investition und Finanzierung,5,Klausur,seminaristischer Unterricht,Prof. Dr. Axel Hellmann,Deutsch
BA-WiIng-M07-F02,Business English II,0,Kombinierte Prüfung,Übung,Sandra Baker,Englisch
BA-WiIng-M07-F03,Business English III,0,Kombinierte Prüfung,Übung,Sandra Baker,Englisch
BA-WiIng-M08-F01,Einführung in die Umweltökonomie und nachhaltige Entwicklung,5,Klausur,seminaristischer Unterricht,Gerrit von Jorck,Deutsch
BA-WiIng-M09-F01,Marketing,5,Klausur,seminaristischer Unterricht,Prof. Dr. rer. Harald Rüggeberg,Deutsch
BA-WiIng-M33-F01,Unternehmenssimulation mit Teamentwicklung und Supervision - Unternehmenssimulation mit Teamentwicklung und Supervision 2,5,Kombinierte Prüfung (undifferenziert),Übung,Robert Dabitz / Sandra Fanroth,Deutsch