Angebotsnummer,Bezeichnung,Credits,Prüfungsvorlage,Veranstaltungstyp,Dozierende
BA-BUS-M01-F01,Einführung in die Betriebswirtschaftslehre - Einführung in die Betriebswirtschaftslehre 1,0,Kombinierte Prüfung,seminaristischer Unterricht,Prof. Dr. B. Peter Utzig / Prof. Dr. Frank Witte
BA-BUS-M01-F01,Einführung in die Betriebswirtschaftslehre - Einführung in die Betriebswirtschaftslehre 2,0,Kombinierte Prüfung,seminaristischer Unterricht,Prof. Dr. Solveig Reißig-Thust / Prof. Dr. oec. Thomas Gruber
BA-BUS-M01-F01,Einführung in die Betriebswirtschaftslehre - Einführung in die Betriebswirtschaftslehre 3,0,Kombinierte Prüfung,seminaristischer Unterricht,Prof. Dr. rer. Harald Rüggeberg / Prof. Dr. Janina Bogajewskaja
BA-BUS-M01-F01,Einführung in die Betriebswirtschaftslehre - Einführung in die Betriebswirtschaftslehre 4 Blended,0,Kombinierte Prüfung,seminaristischer Unterricht,Prof. Dr. Christoph Manuel Meyer
BA-BUS-M01-F01,Einführung in die Betriebswirtschaftslehre - Einführung in die Betriebswirtschaftslehre 5 - Kurs für Wiederholende,0,Kombinierte Prüfung,seminaristischer Unterricht,Prof. Dr. rer. Christian Noss / Prof. Dr. Wojciech Stiller
BA-BUS-M01-F02,Projektmanagement - Projektmanagement 1,2.5,Kombinierte Prüfung,seminaristischer Unterricht,Felix Wieduwilt
BA-BUS-M01-F02,Projektmanagement - Projektmanagement 2,2.5,Kombinierte Prüfung,seminaristischer Unterricht,Tobias Bily
BA-BUS-M01-F02,Projektmanagement - Projektmanagement 3,2.5,Kombinierte Prüfung,seminaristischer Unterricht,Andre Eggert
BA-BUS-M01-F02,Projektmanagement - Projektmanagement 4,2.5,Kombinierte Prüfung,seminaristischer Unterricht,Ilias Baltzis
BA-BUS-M01-F02,Projektmanagement - Projektmanagement 5,2.5,Kombinierte Prüfung,seminaristischer Unterricht,Prof. Dr. Axel Zernack
BA-BUS-M01-F02,Projektmanagement - Projektmanagement 6,2.5,Kombinierte Prüfung,seminaristischer Unterricht,Fabian Schwarz
BA-BUS-M01-F02,Projektmanagement - Projektmanagement 7 Blended,2.5,Kombinierte Prüfung,seminaristischer Unterricht,Dr. Herbert Goestl
BA-BUS-M01-F02,Projektmanagement - Projektmanagement 8 Blended,2.5,Kombinierte Prüfung,seminaristischer Unterricht,Fabian Schwarz
BA-BUS-M01-F03,Wissenschaftliches Arbeiten - Wissenschaftliches Arbeiten 1,2.5,Kombinierte Prüfung,seminaristischer Unterricht,Susanne Föhse-Hiltmann
BA-BUS-M01-F03,Wissenschaftliches Arbeiten - Wissenschaftliches Arbeiten 2,2.5,Kombinierte Prüfung,seminaristischer Unterricht,Dr. Albrecht Heinrici
BA-BUS-M01-F03,Wissenschaftliches Arbeiten - Wissenschaftliches Arbeiten 3,2.5,Kombinierte Prüfung,seminaristischer Unterricht,Dr. Giorgos Christonakis
BA-BUS-M01-F03,Wissenschaftliches Arbeiten - Wissenschaftliches Arbeiten 4,2.5,Kombinierte Prüfung,seminaristischer Unterricht,Leo Witowski
BA-BUS-M01-F03,Wissenschaftliches Arbeiten - Wissenschaftliches Arbeiten 5,2.5,Kombinierte Prüfung,seminaristischer Unterricht,Ilias Baltzis
BA-BUS-M01-F03,Wissenschaftliches Arbeiten - Wissenschaftliches Arbeiten 6,2.5,Kombinierte Prüfung,seminaristischer Unterricht,Prof. Dr. Axel Zernack
BA-BUS-M01-F03,Wissenschaftliches Arbeiten - Wissenschaftliches Arbeiten 7,2.5,Kombinierte Prüfung,seminaristischer Unterricht,Leo Witowski
BA-BUS-M02-F01,Personal und Organisation - Personal und Organisation 1,5,Kombinierte Prüfung,seminaristischer Unterricht,Dr. Manuela E. Nork-Schürger
BA-BUS-M02-F01,Personal und Organisation - Personal und Organisation 2,5,Kombinierte Prüfung,seminaristischer Unterricht,Patrick Lange
BA-BUS-M02-F01,Personal und Organisation - Personal und Organisation 3,5,Kombinierte Prüfung,seminaristischer Unterricht,Rüdiger Hans Erdmann
BA-BUS-M02-F01,Personal und Organisation - Personal und Organisation 4,5,Kombinierte Prüfung,seminaristischer Unterricht,Dr. Katharina Harsch
BA-BUS-M02-F01,Personal und Organisation - Personal und Organisation 5,5,Kombinierte Prüfung,seminaristischer Unterricht,Heike Wolf
BA-BUS-M02-F01,Personal und Organisation - Human Resources and Organisation 6,5,Kombinierte Prüfung,seminaristischer Unterricht,John C. Davis
BA-BUS-M02-F01,Personal und Organisation - Human Resources and Organisation 7,5,Kombinierte Prüfung,seminaristischer Unterricht,John C. Davis
BA-BUS-M02-F01,Personal und Organisation - Personal und Organisation 8 Blended,5,Kombinierte Prüfung,seminaristischer Unterricht,Dr. Katharina Harsch
BUS-M02-F01,Personal und Organisation - Personal und Organisation 1,5,Kombinierte Prüfung,seminaristischer Unterricht,Prof. Dr. Christine Gockel
BUS-M02-F01,Personal und Organisation - Personal und Organisation 2,5,Kombinierte Prüfung,seminaristischer Unterricht,Patrick Lange
BUS-M02-F01,Personal und Organisation - Personal und Organisation 3,5,Kombinierte Prüfung,seminaristischer Unterricht,Frederik Kupitz
BA-BUS-M03-F01,Investition und Finanzierung - Investition und Finanzierung 1,5,Klausur,seminaristischer Unterricht,David Müller
BA-BUS-M03-F01,Investition und Finanzierung - Investition und Finanzierung 2,5,Klausur,seminaristischer Unterricht,Prof. Dr. Martin Uzik
BA-BUS-M03-F01,Investition und Finanzierung - Principles of Corporate Finance 3,5,Klausur,seminaristischer Unterricht,Prof. Dr. Marc Crummenerl
BA-BUS-M03-F01,Investition und Finanzierung - Principles of Corporate Finance 4,5,Klausur,seminaristischer Unterricht,Rodolfo Selem
BA-BUS-M03-F01,Investition und Finanzierung - Investition und Finanzierung 5 - Kurs für Wiederholende,5,Klausur,seminaristischer Unterricht,Prof. Dr. Ursula Walther
BUS-M03-F01,Investition und Finanzierung - Investition und Finanzierung 1,5,Klausur,seminaristischer Unterricht,Prof. Dr. Axel Hellmann
BUS-M03-F01,Investition und Finanzierung - Investition und Finanzierung 2,5,Klausur,seminaristischer Unterricht,Prof. Dr. Thomas Wolke
BUS-M03-F01,Investition und Finanzierung - Investition und Finanzierung 3,5,Klausur,seminaristischer Unterricht,Dr. Maciej Merkel
BUS-M03-F01,Investition und Finanzierung - Investition und Finanzierung 4 Abend,5,Klausur,seminaristischer Unterricht,Reinhard Borck
BUS-M03-F01,Investition und Finanzierung - Principles of Corporate Finance 5,5,Klausur,seminaristischer Unterricht,Ayoze Alfageme
BUS-M03-F01,Investition und Finanzierung - Investition und Finanzierung 6 - Kurs für Wiederholende,5,Klausur,seminaristischer Unterricht,Prof. Dr. Ursula Walther
BA-BUS-M04-F01,Marketing - Marketing 1,5,Klausur,seminaristischer Unterricht,Prof. Dr. Tobias Naujoks
BA-BUS-M04-F01,Marketing - Marketing 2,5,Klausur,seminaristischer Unterricht,Prof. Dr. rer. Pakize Schuchert-Güler
BA-BUS-M04-F01,Marketing - Marketing 3 (Englisch),5,Klausur,seminaristischer Unterricht,Dr. Stefanie Dänzler
BA-BUS-M04-F01,Marketing - Marketing 4 (Englisch),5,Klausur,seminaristischer Unterricht,Dr. Michael Unkel
BA-BUS-M04-F01,Marketing - Marketing 5 Blended,5,Klausur,seminaristischer Unterricht,Susanne Föhse-Hiltmann
BUS-M04-F01,Marketing - Marketing 1,5,Klausur,seminaristischer Unterricht,Prof. Dr. rer. Pakize Schuchert-Güler
BUS-M04-F01,Marketing - Marketing 2,5,Klausur,seminaristischer Unterricht,Saskia Kramer
BUS-M04-F01,Marketing - Marketing 3 Blended,5,Klausur,seminaristischer Unterricht,Marvin Vogt
BUS-M04-F01,Marketing - Marketing 4 (Englisch),5,Klausur,seminaristischer Unterricht,Dr. Stefanie Dänzler
BUS-M04-F01,Marketing - Marketing 5 (Englisch),5,Klausur,seminaristischer Unterricht,Dr. rer. pol. Philip Meier
BA-BUS-M05-F01,Externes Rechnungswesen - Externes Rechnungswesen 1,5,Klausur,seminaristischer Unterricht,Prof. Dr. Nadja Jehle
BA-BUS-M05-F01,Externes Rechnungswesen - Externes Rechnungswesen 2,5,Klausur,seminaristischer Unterricht,Rifat Idris-Barni
BA-BUS-M05-F01,Externes Rechnungswesen - Externes Rechnungswesen 3,5,Klausur,seminaristischer Unterricht,Olaf-Erwin Jupitz
BA-BUS-M05-F01,Externes Rechnungswesen - Externes Rechnungswesen 4 Blended,5,Klausur,seminaristischer Unterricht,Prof. Dr. Hans Lieck
BA-BUS-M05-F01,Externes Rechnungswesen - Externes Rechnungswesen 5 Kurs für Wiederholende,5,Klausur,seminaristischer Unterricht,Prof. Dr. Hans Lieck
BUS-M05-F01,Grundlagen des externen Rechnungswesens - Grundlagen des externen Rechnungswesens 1,5,Klausur,seminaristischer Unterricht,Olaf-Erwin Jupitz
BUS-M05-F01,Grundlagen des externen Rechnungswesens - Grundlagen des externen Rechnungswesens 2,5,Klausur,seminaristischer Unterricht,Jörg Leu
BUS-M05-F01,Grundlagen des externen Rechnungswesens - Grundlagen des externen Rechnungswesens 3,5,Klausur,seminaristischer Unterricht,Prof. Dr. Nadja Jehle
BUS-M05-F01,Grundlagen des externen Rechnungswesens - Grundlagen des externen Rechnungswesens 4 - Kurs für Wiederholer,5,Klausur,seminaristischer Unterricht,Prof. Dr. Hans Lieck
BA-BUS-M06-F01,Internes Rechnungswesen - Internes Rechnungswesen 1,5,Klausur,seminaristischer Unterricht,Prof. Dr. Frank Witte
BA-BUS-M06-F01,Internes Rechnungswesen - Internes Rechnungswesen 2,5,Klausur,seminaristischer Unterricht,Prof. Dr. Frank Witte
BA-BUS-M06-F01,Internes Rechnungswesen - Internes Rechnungswesen 3,5,Klausur,seminaristischer Unterricht,Heike Wolf
BA-BUS-M06-F01,Internes Rechnungswesen - Internes Rechnungswesen 4,5,Klausur,seminaristischer Unterricht,Frederik Kupitz
BA-BUS-M06-F01,Internes Rechnungswesen - Internes Rechnungswesen 5,5,Klausur,seminaristischer Unterricht,Prof. Dr. Axel Zernack
BA-BUS-M06-F01,Internes Rechnungswesen - Internes Rechnungswesen 6,5,Klausur,seminaristischer Unterricht,Kenan Arkan
BA-BUS-M06-F01,Internes Rechnungswesen - Internes Rechnungswesen 7,5,Klausur,seminaristischer Unterricht,Kenan Arkan
BA-BUS-M06-F01,Internes Rechnungswesen - Internes Rechnungswesen 8 Blended,5,Klausur,seminaristischer Unterricht,Prof. Dr. B. Peter Utzig
BA-BUS-M06-F01,Internes Rechnungswesen - Internes Rechnungswesen 9 - Kurs für Wiederholer,5,Klausur,seminaristischer Unterricht,Prof. Dr. Ulf Diefenbach
BUS-M06-F01,Grundlagen des internen Rechnungswesens/Controllings - Grundlagen des internen Rechnungswesens/Controllings 1,5,Klausur,seminaristischer Unterricht,Prof. Dr. Ulf Diefenbach
BUS-M06-F01,Grundlagen des internen Rechnungswesens/Controllings - Grundlagen des internen Rechnungswesens/Controllings 2,5,Klausur,seminaristischer Unterricht,Thomas Neumann
BUS-M06-F01,Grundlagen des internen Rechnungswesens/Controllings - Grundlagen des internen Rechnungswesens/Controllings 3,5,Klausur,seminaristischer Unterricht,Matthias Schubert
BUS-M06-F01,Grundlagen des internen Rechnungswesens/Controllings - Grundlagen des internen Rechnungswesens/Controllings 4 Blended,5,Klausur,seminaristischer Unterricht,Prof. Dr. B. Peter Utzig
BUS-M06-F01,Grundlagen des internen Rechnungswesens/Controllings - Grundlagen des internen Rechnungswesens/Controllings 5 Abend,5,Klausur,seminaristischer Unterricht,Anne Schlachter
BUS-M06-F01,Grundlagen des internen Rechnungswesens/Controllings - Grundlagen des internen Rechnungswesens/Controllings 6 - Kurs für Wiederholer,5,Klausur,seminaristischer Unterricht,Prof. Dr. Ulf Diefenbach
BA-BUS-M07-F01,Unternehmensbesteuerung - Unternehmensbesteuerung 1,5,Klausur,seminaristischer Unterricht,Mirco Schoening
BA-BUS-M07-F01,Unternehmensbesteuerung - Unternehmensbesteuerung 2,5,Klausur,seminaristischer Unterricht,Prof. Dr. phil. Achim Grawert
BA-BUS-M07-F01,Unternehmensbesteuerung - Unternehmensbesteuerung 3,5,Klausur,seminaristischer Unterricht,Daniela Wiesner
BA-BUS-M07-F01,Unternehmensbesteuerung - Unternehmensbesteuerung 4,5,Klausur,seminaristischer Unterricht,Dr. jur. Daniel Rüscher
BUS-M07-F01,Grundlagen der Unternehmensbesteuerung - Grundlagen der Unternehmensbesteuerung 1,5,Klausur,seminaristischer Unterricht,Dr. Johannes Martens
BUS-M07-F01,Grundlagen der Unternehmensbesteuerung - Grundlagen der Unternehmensbesteuerung 2,5,Klausur,seminaristischer Unterricht,Peter Zeitschel
BUS-M07-F01,Grundlagen der Unternehmensbesteuerung - Grundlagen der Unternehmensbesteuerung 3 Blended,5,Klausur,seminaristischer Unterricht,Daniela Wiesner
BUS-M07-F01,Grundlagen der Unternehmensbesteuerung - Grundlagen der Unternehmensbesteuerung 4 Abend,5,Klausur,seminaristischer Unterricht,Peter Zeitschel
BA-BUS-M08-F01,Instrumente des Controllings - Instrumente des Controllings 1,5,Klausur,seminaristischer Unterricht,Prof. Dr. Ulf Diefenbach
BA-BUS-M08-F01,Instrumente des Controllings - Instrumente des Controllings 2,5,Klausur,seminaristischer Unterricht,Andre Eggert
BA-BUS-M08-F01,Instrumente des Controllings - Instrumente des Controllings 3,5,Klausur,seminaristischer Unterricht,Prof. Dr. Axel Zernack
BA-BUS-M08-F01,Instrumente des Controllings - Instrumente des Controllings 4,5,Klausur,seminaristischer Unterricht,Mario Karp
BA-BUS-M08-F01,Instrumente des Controllings - Instrumente des Controllings 5,5,Klausur,seminaristischer Unterricht,Jörg Leu
BA-BUS-M08-F01,Instrumente des Controllings - Instrumente des Controllings 6,5,Klausur,seminaristischer Unterricht,Peter Merz
BA-BUS-M08-F01,Instrumente des Controllings - Management Accounting and Controlling 7,5,Klausur,seminaristischer Unterricht,Prof. Dr. Michael Faustino Bauer
BUS-M08-F01,Instrumente des Controllings - Instrumente des Controllings 1,5,Klausur,seminaristischer Unterricht,Prof. Dr. Ulf Diefenbach
BUS-M08-F01,Instrumente des Controllings - Instrumente des Controllings 2 Blended,5,Klausur,seminaristischer Unterricht,Prof. Dr. Solveig Reißig-Thust
BUS-M08-F01,Instrumente des Controllings - Instrumente des Controllings 3 Abend,5,Klausur,seminaristischer Unterricht,Dr. Christian Schneider
BA-BUS-M09-F01,Strategisches Management - Strategisches Management 1,5,Mündliche Prüfung (P),seminaristischer Unterricht,Dr. Jessica Di Bella
BA-BUS-M09-F01,Strategisches Management - Strategisches Management 2,5,Mündliche Prüfung (P),seminaristischer Unterricht,Dr. Khalil Dindarian
BA-BUS-M09-F01,Strategisches Management - Strategisches Management 3,5,Mündliche Prüfung (P),seminaristischer Unterricht,Dr. Marco de Queiroz Gama
BA-BUS-M09-F01,Strategisches Management - Strategisches Management 4,5,Mündliche Prüfung (P),seminaristischer Unterricht,Dr. Khalil Dindarian
BA-BUS-M09-F01,Strategisches Management - Strategisches Management 5,5,Mündliche Prüfung (P),seminaristischer Unterricht,Dr. Manuela E. Nork-Schürger
BA-BUS-M09-F01,Strategisches Management - Strategic Management 6,5,Mündliche Prüfung (P),seminaristischer Unterricht,Prof. Dr. Caroline V. Rudzinska
BA-BUS-M09-F01,Strategisches Management - Strategic Management 7,5,Mündliche Prüfung (P),seminaristischer Unterricht,Ertan Gönülal
BUS-M09-F01,Strategisches Management - Strategisches Management 1,5,Mündliche Prüfung (P),seminaristischer Unterricht,Dr. Marco de Queiroz Gama / Ulrich Stirn
BUS-M09-F01,Strategisches Management - Strategisches Management 2,5,Mündliche Prüfung (P),seminaristischer Unterricht,Prof. Dr. Jochen Breinlinger-O'Reilly / Jörg Nielandt
BUS-M09-F01,Strategisches Management - Strategisches Management 3 Blended,5,Mündliche Prüfung (P),seminaristischer Unterricht,Dr. Sebastian Block / Dr. Wolfgang Marfels
BUS-M09-F01,Strategisches Management - Strategic Management 4,5,Mündliche Prüfung (P),seminaristischer Unterricht,Dr. Giorgi Shuradze
BA-BUS-M10-F01,Operations Management - Operations Management 1,5,Kombinierte Prüfung,seminaristischer Unterricht,Prof. Dr. Marc Rothländer
BA-BUS-M10-F01,Operations Management - Operations Management 2,5,Kombinierte Prüfung,seminaristischer Unterricht,Harald Pflughaupt
BA-BUS-M10-F01,Operations Management - Operations Management 3 (Englisch),5,Kombinierte Prüfung,seminaristischer Unterricht,John C. Davis
BA-BUS-M10-F01,Operations Management - Operations Management 4 (Englisch),5,Kombinierte Prüfung,seminaristischer Unterricht,Martin Bodo Pruy
BUS-M10-F01,Operations Management - Operations Management 1,5,Kombinierte Prüfung,seminaristischer Unterricht,Thomas Seidl
BUS-M10-F01,Operations Management - Operations Management 2,5,Kombinierte Prüfung,seminaristischer Unterricht,Prof. Dr. Eberhard Schmid
BUS-M10-F01,Operations Management - Operations Management 3 Blended,5,Kombinierte Prüfung,seminaristischer Unterricht,Prof. Dr. Christoph Manuel Meyer
BUS-M11-F01,Unternehmenssimulation und Teamentwicklung - Unternehmenssimulation und Teamentwicklung 1,5,Leistungstest (undifferenziert),Praktische Übung,Prof. Dr. Martina Eberl / Robert Dabitz
BUS-M11-F01,Unternehmenssimulation und Teamentwicklung - Unternehmenssimulation und Teamentwicklung 2,5,Leistungstest (undifferenziert),Praktische Übung,Prof. Dr. rer. Harald Rüggeberg / Michael Siegert
BUS-M11-F01,Unternehmenssimulation und Teamentwicklung - Unternehmenssimulation und Teamentwicklung 3,5,Leistungstest (undifferenziert),Praktische Übung,Prof. Dr. rer. Christian Noss / Prof. Dr. Katrin Böttcher
BUS-M11-F01,Unternehmenssimulation und Teamentwicklung - Unternehmenssimulation und Teamentwicklung 4,5,Leistungstest (undifferenziert),Praktische Übung,Prof. Dr. B. Peter Utzig / Prof. Dr. Frank Witte
BUS-M11-F01,Unternehmenssimulation und Teamentwicklung - Unternehmenssimulation und Teamentwicklung 5,5,Leistungstest (undifferenziert),Praktische Übung,Prof. Dr. Martina Eberl / Robert Dabitz
BUS-M11-F01,Unternehmenssimulation und Teamentwicklung - Unternehmenssimulation und Teamentwicklung 6,5,Leistungstest (undifferenziert),Praktische Übung,Prof. Dr. rer. Harald Rüggeberg / Michael Siegert
BUS-M11-F01,Unternehmenssimulation und Teamentwicklung - Unternehmenssimulation und Teamentwicklung 7,5,Leistungstest (undifferenziert),Praktische Übung,Prof. Dr. Thomas Wolke
BUS-M11-F01,Unternehmenssimulation und Teamentwicklung - Unternehmenssimulation und Teamentwicklung 8,5,Leistungstest (undifferenziert),Praktische Übung,Prof. Dr. Frank Witte / Prof. Dr. Madeleine Janke
BUS-M12-F01,Wirtschaftswissenschaftliches Seminar - Seminar 1 - KI & Marke(ting): Wie verändert KI die Arbeitswelt im Markenmanagement und im Marketing?,5,Hausarbeit,seminaristischer Unterricht,Prof. Dr. Carsten Baumgarth
BUS-M12-F01,Wirtschaftswissenschaftliches Seminar - Seminar 2 - Strategisches Management & Nachhaltigkeit,5,Hausarbeit,seminaristischer Unterricht,Prof. Dr. Caroline V. Rudzinska
BUS-M12-F01,Wirtschaftswissenschaftliches Seminar - Seminar 3 - Marketing,5,Hausarbeit,seminaristischer Unterricht,Prof. Dr. rer. Pakize Schuchert-Güler
BUS-M12-F01,Wirtschaftswissenschaftliches Seminar - Seminar 4 - Entrepreneurship,5,Hausarbeit,seminaristischer Unterricht,Prof. Dr. Birgit Felden
BUS-M12-F01,Wirtschaftswissenschaftliches Seminar - Seminar 5 - Empirische Finanzmarktforschung,5,Hausarbeit,seminaristischer Unterricht,Dr. Stefan Paulus
BUS-M12-F01,Wirtschaftswissenschaftliches Seminar - Seminar 6 - Nachhaltigkeit (Selbstlernkurs),5,Hausarbeit,seminaristischer Unterricht,Prof. Dr. Birgit Felden
BUS-M12-F01,Wirtschaftswissenschaftliches Seminar - Seminar 7 - HR/Arbeitspsychologie,5,Hausarbeit,seminaristischer Unterricht,Prof. Dr. Barbara Beham
BUS-M12-F01,Wirtschaftswissenschaftliches Seminar - Seminar 8 - Ausgewählte Fragen der Wirtschaftspolitik,5,Hausarbeit,seminaristischer Unterricht,Prof. Dr. Andreas Polk
BUS-M12-F01,Wirtschaftswissenschaftliches Seminar - Seminar 9 - Academic Writing,5,Hausarbeit,seminaristischer Unterricht,Luis Ignacio Silva Neira
BUS-M19-F01,Interdisziplinäres Themenfeld - Themenfeld 1 - Mitbestimmug und Flexibilisierung von Arbeit,10,Kombinierte Prüfung,seminaristischer Unterricht,Prof. Dr. Christina Teipen / Prof. Dr. Monika Huesmann / Prof. Dr. Stefanie Lorenzen
BUS-M19-F01,Interdisziplinäres Themenfeld - Themenfeld 2 - Behavioural Finance und Financial Literacy in der privaten Finanzplanung,10,Kombinierte Prüfung,seminaristischer Unterricht,Natalie Packham / Dr. Stefan Paulus / Marie Schumann
BUS-M19-F01,"Interdisziplinäres Themenfeld - Themenfeld 3 - Internationalization of economic processes - Goals, Actors and Instruments of Regulation",10,Kombinierte Prüfung,seminaristischer Unterricht,Prof. Dr. Christoph Dörrenbächer / Dr. Giorgos Christonakis / Dr. Michael Wortmann
BA-BUS-M20-F01,Mikroökonomie - Mikroökonomie 1,5,Klausur,seminaristischer Unterricht,Leonard Bovenberg
BA-BUS-M20-F01,Mikroökonomie - Mikroökonomie 2,5,Klausur,seminaristischer Unterricht,Esther Baumann-Kubick
BA-BUS-M20-F01,Mikroökonomie - Mikroökonomie 3,5,Klausur,seminaristischer Unterricht,Richard Mertens
BA-BUS-M20-F01,Mikroökonomie - Mikroökonomie 4 - Kurs für Wiederholende,5,Klausur,seminaristischer Unterricht,Esther Baumann-Kubick
BUS-M20-F01,Mikroökonomie: Allokation und Verteilung - Mikroökonomie: Allokation und Verteilung 1,5,Klausur,seminaristischer Unterricht,Prof. Dr. Tobias Börger
BUS-M20-F01,Mikroökonomie: Allokation und Verteilung - Mikroökonomie: Allokation und Verteilung 2 - Kurs für Wiederholende,5,Klausur,seminaristischer Unterricht,Esther Baumann-Kubick
BUS-M20-F01,Mikroökonomie: Allokation und Verteilung - Microeconomics: Allocation and Distribution 3,5,Klausur,seminaristischer Unterricht,Prof. Dr. Jennifer Pédussel Wu
BA-BUS-M21-F01,Makroökonomie - Makroökonomie 1,5,Kombinierte Prüfung,seminaristischer Unterricht,Dr. Alexander Voegele
BA-BUS-M21-F01,Makroökonomie - Makroökonomie 2,5,Kombinierte Prüfung,seminaristischer Unterricht,Sascha Gander
BA-BUS-M21-F01,Makroökonomie - Makroökonomie 3,5,Kombinierte Prüfung,seminaristischer Unterricht,Dr. habil. Aydin Findikçi
BA-BUS-M21-F01,Makroökonomie - Makroökonomie 4,5,Kombinierte Prüfung,seminaristischer Unterricht,Robert Thomas Merk
BA-BUS-M21-F01,Makroökonomie - Makroökonomie 5,5,Kombinierte Prüfung,seminaristischer Unterricht,Robert Thomas Merk
BA-BUS-M21-F01,Makroökonomie - Makroökonomie 6,5,Kombinierte Prüfung,seminaristischer Unterricht,Thomas Neumann
BA-BUS-M21-F01,Makroökonomie - Macroeconomics 7,5,Kombinierte Prüfung,seminaristischer Unterricht,Prof. Dr. Till Strohsal
BUS-M21-F01,Makroökonomie: Konjunktur und Beschäftigung - Makroökonomie: Konjunktur und Beschäftigung 1,5,Kombinierte Prüfung,seminaristischer Unterricht,Prof. Dr. Till Strohsal
BUS-M21-F01,Makroökonomie: Konjunktur und Beschäftigung - Makroökonomie: Konjunktur und Beschäftigung 2 Abend,5,Kombinierte Prüfung,seminaristischer Unterricht,Sascha Gander
BUS-M21-F01,Makroökonomie: Konjunktur und Beschäftigung - Macroeconomics: The Economic Cycle and Employment 3,5,Kombinierte Prüfung,seminaristischer Unterricht,Dr. rer. pol. Georg Man
BUS-M22-F01,Internationale Wirtschaft - Internationale Wirtschaft 1,5,Kombinierte Prüfung,seminaristischer Unterricht,Günter Senftleben
BUS-M22-F01,Internationale Wirtschaft - Internationale Wirtschaft 2,5,Kombinierte Prüfung,seminaristischer Unterricht,Dr. habil. Aydin Findikçi
BUS-M22-F01,Internationale Wirtschaft - Internationale Wirtschaft 3,5,Kombinierte Prüfung,seminaristischer Unterricht,Norbert Földi
BUS-M22-F01,Internationale Wirtschaft - International Economics 4,5,Kombinierte Prüfung,seminaristischer Unterricht,Dr. habil. Elke Muchlinski / Prof. Dr. Jennifer Pédussel Wu
BA-BUS-M23-F01,Recht 1 - Recht 1 _ 1,5,Klausur,seminaristischer Unterricht,Oliver Loock-Wagner
BA-BUS-M23-F01,Recht 1 - Recht 1 _ 2,5,Klausur,seminaristischer Unterricht,Prof. Dr. Arnold Lehmann-Richter
BA-BUS-M23-F01,Recht 1 - Recht 1 _ 3,5,Klausur,seminaristischer Unterricht,Prof. Dr. Julia Klauer
BUS-M23-F01,Privates Wirtschaftsrecht - Privates Wirtschaftsrecht 1,5,Klausur,seminaristischer Unterricht,Julia Preußer
BUS-M23-F01,Privates Wirtschaftsrecht - Privates Wirtschaftsrecht 2,5,Klausur,seminaristischer Unterricht,Nicolai Preuße
BUS-M23-F01,Privates Wirtschaftsrecht - Privates Wirtschaftsrecht 3 Blended,5,Klausur,seminaristischer Unterricht,Dr. Bernhard Dietrich
BUS-M24-F01,Recht im Unternehmen (Gesellschaftsrecht) - Recht im Unternehmen (Gesellschaftsrecht) 1,2.5,Klausur,seminaristischer Unterricht,Prof. Dr. Andreas Donner
BUS-M24-F01,Recht im Unternehmen (Gesellschaftsrecht) - Recht im Unternehmen (Gesellschaftsrecht) 2 Blended,2.5,Klausur,seminaristischer Unterricht,Dr. jur. Anja Herzberg
BUS-M24-F01,Recht im Unternehmen (Gesellschaftsrecht) - Recht im Unternehmen (Gesellschaftsrecht) 3 Abend,2.5,Klausur,seminaristischer Unterricht,Denise Bruse
BUS-M24-F02,Recht im Unternehmen (Arbeitsrecht) - Recht im Unternehmen (Arbeitsrecht) 1,2.5,Klausur,seminaristischer Unterricht,Prof. Dr. Andreas Donner
BUS-M24-F02,Recht im Unternehmen (Arbeitsrecht) - Recht im Unternehmen (Arbeitsrecht) 2 Abend,2.5,Klausur,seminaristischer Unterricht,Helga Nielebock
BUS-M24-F02,Recht im Unternehmen (Arbeitsrecht) - Recht im Unternehmen (Arbeitsrecht) 3 Abend,2.5,Klausur,seminaristischer Unterricht,Christian Groth
BA-BUS-M25-F01,Nachhaltige Transformation von Unternehmen und Gesellschaft - Nachhaltige Transformation von Unternehmen und Gesellschaft 1,5,Kombinierte Prüfung,seminaristischer Unterricht,Prof. Dr. Markus Wissen
BA-BUS-M25-F01,Nachhaltige Transformation von Unternehmen und Gesellschaft - Nachhaltige Transformation von Unternehmen und Gesellschaft 2,5,Kombinierte Prüfung,seminaristischer Unterricht,Lukas Meisner
BA-BUS-M25-F01,Nachhaltige Transformation von Unternehmen und Gesellschaft - Sustainable Transformation of Business and Society 3,5,Kombinierte Prüfung,seminaristischer Unterricht,Prof. Dr. Christina Teipen
BA-BUS-M25-F01,Nachhaltige Transformation von Unternehmen und Gesellschaft - Sustainable Transformation of Business and Society 4,5,Kombinierte Prüfung,seminaristischer Unterricht,Prof. Dr. Markus Wissen
BUS-M25-F01,"Unternehmen, Betrieb, Arbeit",5,Kombinierte Prüfung,seminaristischer Unterricht,Detlef Fester
BUS-M26-F01,Politische Ökonomie und Sozialstruktur der modernen Gesellschaft - Politische Ökonomie und Sozialstruktur der modernen Gesellschaft 1,5,Kombinierte Prüfung,seminaristischer Unterricht,Lukas Meisner
BUS-M26-F01,Politische Ökonomie und Sozialstruktur der modernen Gesellschaft - Politische Ökonomie und Sozialstruktur der modernen Gesellschaft 2,5,Kombinierte Prüfung,seminaristischer Unterricht,Luis Sanz Jardon
BUS-M26-F01,Politische Ökonomie und Sozialstruktur der modernen Gesellschaft - Politische Ökonomie und Sozialstruktur der modernen Gesellschaft 3 Blended,5,Kombinierte Prüfung,seminaristischer Unterricht,Prof. Dr. Sigrid Betzelt
BUS-M26-F01,Politische Ökonomie und Sozialstruktur der modernen Gesellschaft - Political Economy and Social Structure of Modern Society 4,5,Kombinierte Prüfung,seminaristischer Unterricht,Prof. Dr. Martina Sproll
BA-BUS-M27-F01,Wirtschaftsmathematik - Wirtschaftsmathematik 1,5,Klausur,seminaristischer Unterricht,Mirco Schoening
BA-BUS-M27-F01,Wirtschaftsmathematik - Wirtschaftsmathematik 2,5,Klausur,seminaristischer Unterricht,Dr. Michael Schlegel
BA-BUS-M27-F01,Wirtschaftsmathematik - Wirtschaftsmathematik 3,5,Klausur,seminaristischer Unterricht,Dr. Domenico Schneider
BA-BUS-M27-F01,Wirtschaftsmathematik - Wirtschaftsmathematik 4,5,Klausur,seminaristischer Unterricht,Andreas Stotland
BA-BUS-M27-F01,Wirtschaftsmathematik - Wirtschaftsmathematik 5 Blended,5,Klausur,seminaristischer Unterricht,Kai Klotz
BA-BUS-M27-F01,Wirtschaftsmathematik - Wirtschaftsmathematik 6 - Ferienkurs Blended,5,Klausur,seminaristischer Unterricht,Prof. Dr. Maria Osipenko
AC-Mathe-BK,Wirtschaftsmathematischer Brückenkurs im Semester - Wirtschaftsmathematischer Brückenkurs im Semester 1,0,Keine Prüfung,Seminar,Mahkameh Komasi
AC-Mathe-BK,Wirtschaftsmathematischer Brückenkurs im Semester - Wirtschaftsmathematischer Brückenkurs im Semester 2,0,Keine Prüfung,Seminar,Martin Büttner
BUS-M27-F01,Wirtschaftsmathematik - Wirtschaftsmathematik 1,5,Klausur,seminaristischer Unterricht,Mahkameh Komasi
BUS-M27-F01,Wirtschaftsmathematik - Wirtschaftsmathematik 2 - Kurs für Wiederholende,5,Klausur,seminaristischer Unterricht,Prof. Dr. Ulrike C. Nikutta-Wasmuht
BA-BUS-M28-F01,Statistik - Statistik 1,5,Klausur,seminaristischer Unterricht,Christine Krüger
BA-BUS-M28-F01,Statistik - Statistik 2,5,Klausur,seminaristischer Unterricht,Prof. Dr. Edin Basic
BA-BUS-M28-F01,Statistik - Statistik 3,5,Klausur,seminaristischer Unterricht,Prof. Dr. Andreas Polk
BA-BUS-M28-F01,Statistik - Statistik 4,5,Klausur,seminaristischer Unterricht,Prof. Dr. rer. nat. Susanne Hannappel
BA-BUS-M28-F01,Statistik - Statistik 5,5,Klausur,seminaristischer Unterricht,Prof. Dr. Thomas Knispel
BA-BUS-M28-F01,Statistik - Statistik 6 Blended,5,Klausur,seminaristischer Unterricht,Ulrike Flemming
BUS-M28-F01,Statistik - Statistik 1 - Kurs für Wiederholende,5,Klausur,seminaristischer Unterricht,Prof. Dr. Andreas Polk
BUS-M28-F01,Statistik - Statistik 2 Abend,5,Klausur,seminaristischer Unterricht,Musa Tanriver
BA-BUS-M29-F01,Wirtschaftsinformatik 1 - Wirtschaftsinformatik 1 _ 1,5,Leistungstest,seminaristischer Unterricht,Dr. Salim Chujfi La Roche
BA-BUS-M29-F01,Wirtschaftsinformatik 1 - Wirtschaftsinformatik 1 _ 2,5,Leistungstest,seminaristischer Unterricht,Dr. Albrecht Heinrici
BA-BUS-M29-F01,Wirtschaftsinformatik 1 - Wirtschaftsinformatik 1 _ 3,5,Leistungstest,seminaristischer Unterricht,Dr. Salim Chujfi La Roche
BA-BUS-M29-F01,Wirtschaftsinformatik 1 - Wirtschaftsinformatik 1 _ 4 Blended,5,Leistungstest,seminaristischer Unterricht,Dr. Marie Glasemann
BUS-M29-F01,Grundlagen der Wirtschaftsinformatik - Grundlagen der Wirtschaftsinformatik Abend,5,Leistungstest (undifferenziert),seminaristischer Unterricht,Randy Witte
AC-Mathe-VK,Wirtschaftsmathematischer Vorkurs (Vor Semesterstart) - Wirtschaftsmathematischer Vorkurs (Vor Semesterstart) 1,0,Keine Prüfung,Seminar,Martin Büttner
AC-Mathe-VK,Wirtschaftsmathematischer Vorkurs (Vor Semesterstart) - Wirtschaftsmathematischer Vorkurs (Vor Semesterstart) 2,0,Keine Prüfung,Seminar,Frederik Freckmann
Spanisch-F02,Wirtschaftsspanisch A 2 - Wirtschaftsspanisch A 2 __1,5,Kombinierte Prüfung,Praktische Übung,Paula María Ulloa Martínez
Spanisch-F02,Wirtschaftsspanisch A 2 - Wirtschaftsspanisch A 2 __2,5,Kombinierte Prüfung,Praktische Übung,Carmen Perez Gauli
Spanisch-F03,Wirtschaftsspanisch B 1.1,5,Kombinierte Prüfung,Praktische Übung,Carmen Perez Gauli
Spanisch-F04,Wirtschaftsspanisch B 1.2,5,Kombinierte Prüfung,Praktische Übung,Priscila Munoz
Spanisch-F05,Wirtschaftsspanisch B 2.1,5,Kombinierte Prüfung,Praktische Übung,Carmen Gomez Aparicio
BA-BUS-M30-F01,Wirtschaftsinformatik 2 - Wirtschaftsinformatik 2 _ 1,5,Kombinierte Prüfung,seminaristischer Unterricht,Prof. Dr. rer. Heike Wiesner
BA-BUS-M30-F01,Wirtschaftsinformatik 2 - Wirtschaftsinformatik 2 _ 2,5,Kombinierte Prüfung,seminaristischer Unterricht,Michael Sost
BA-BUS-M30-F01,Wirtschaftsinformatik 2 - Wirtschaftsinformatik 2 _ 3,5,Kombinierte Prüfung,seminaristischer Unterricht,Michael Sost
BA-BUS-M30-F01,Wirtschaftsinformatik 2 - Wirtschaftsinformatik 2 _ 4,5,Kombinierte Prüfung,seminaristischer Unterricht,Dr. Herbert Goestl
BA-BUS-M30-F01,Wirtschaftsinformatik 2 - Wirtschaftsinformatik 2 _ 5,5,Kombinierte Prüfung,seminaristischer Unterricht,Michael Sost
BA-BUS-M30-F01,Wirtschaftsinformatik 2 - Wirtschaftsinformatik 2 _ 6,5,Kombinierte Prüfung,seminaristischer Unterricht,Thomas Schwier
Spanisch-F06,Wirtschaftsspanisch B 2.2,5,Kombinierte Prüfung,Praktische Übung,Andrea Blanco
Franz-F03,Wirtschaftsfranzösisch B 1.1,5,Kombinierte Prüfung,Praktische Übung,Yann-Nicolas Martial
BUS-M30-F01,Betriebliche Informationssysteme - Betriebliche Informationssysteme 1 Abend,5,Kombinierte Prüfung,seminaristischer Unterricht,Randy Witte
BUS-M30-F01,Betriebliche Informationssysteme - Betriebliche Informationssysteme 2 Blended,5,Kombinierte Prüfung,seminaristischer Unterricht,Prof. Dr. Fatoumata Camara
Franz-F04,Wirtschaftsfranzösisch B 1.2,5,Kombinierte Prüfung,Praktische Übung,Floran Bayle
Franz-F05,Wirtschaftsfranzösisch B 2.1,5,Kombinierte Prüfung,Praktische Übung,Nadia Zeltzer-Domning
Franz-F06,Wirtschaftsfranzösisch B 2.2,5,Kombinierte Prüfung,Praktische Übung,Andrea Blanco
BUS-M39-F01,Praxisseminar - Praxisseminar 1,1,Leistungstest (undifferenziert),Seminar,Prof. Dr. Ewa Ostaszewska
BUS-M39-F01,Praxisseminar - Praxisseminar 2,1,Leistungstest (undifferenziert),Seminar,Prof. Dr. Ewa Ostaszewska
BUS-M39-F01,Praxisseminar - Praxisseminar 3,1,Leistungstest (undifferenziert),Seminar,Prof. Dr. Dirk-Mario Boltz
BUS-M39-F01,Praxisseminar - Praxisseminar 4,1,Leistungstest (undifferenziert),Seminar,Prof. Dr. Axel Zernack
BUS-M39-F01,Praxisseminar - Praxisseminar 5,1,Leistungstest (undifferenziert),Seminar,Prof. Dr. Andrea Rumler
BUS-M39-F01,Praxisseminar - Praxisseminar 6,1,Leistungstest (undifferenziert),Seminar,Prof. Dr. Carsten Baumgarth
BUS-M39-F01,Praxisseminar - Praxisseminar 7,1,Leistungstest (undifferenziert),Seminar,Dr. Wolfgang Marfels
Deutsch-F01,Wirtschaftsdeutsch A 1.1,5,Kombinierte Prüfung,Praktische Übung,Mozhgan Kruse
Deutsch-F02,Wirtschaftsdeutsch A 1.2 - Wirtschaftsdeutsch A 1.2 __ 1,5,Kombinierte Prüfung,Praktische Übung,Heike Bossmann
Deutsch-F02,Wirtschaftsdeutsch A 1.2 - Wirtschaftsdeutsch A 1.2 __ 2,5,Kombinierte Prüfung,Praktische Übung,Mozhgan Kruse
Deutsch-F03,Wirtschaftsdeutsch A 2.1 - Wirtschaftsdeutsch A 2.1 __ 1,5,Kombinierte Prüfung,Praktische Übung,Susanne Vieten-Wagner
Deutsch-F03,Wirtschaftsdeutsch A 2.1 - Wirtschaftsdeutsch A 2.1 __ 2,5,Kombinierte Prüfung,Praktische Übung,Dr. Anna Balaganina
Deutsch-F04,Wirtschaftsdeutsch A 2.2,5,Kombinierte Prüfung,Praktische Übung,Brigitte Hochberg-Köhler
Deutsch-F05,Wirtschaftsdeutsch B 1.1,5,Kombinierte Prüfung,Praktische Übung,Anemone Horn
Deutsch-F06,Wirtschaftsdeutsch B 1.2,5,Kombinierte Prüfung,Praktische Übung,Dr. Souad Bensalah-Mekkes
Deutsch-F07,Wirtschaftsdeutsch B 2.1,5,Kombinierte Prüfung,Praktische Übung,Lela-Rose Engler
Deutsch-F08,Wirtschaftsdeutsch B 2.2,5,Kombinierte Prüfung,Praktische Übung,Christine Belakhdar
Deutsch-F09,Wirtschaftsdeutsch C 1,5,Kombinierte Prüfung,Praktische Übung,Lela-Rose Engler
BA-BUS-M40-F01,Entrepreneurial Project - Entrepreneurial Project 1 - entfällt,5,Kombinierte Prüfung,Projektseminar,
BA-BUS-M40-F01,Entrepreneurial Project - Entrepreneurial Project 2,5,Kombinierte Prüfung,Projektseminar,Marlene Fröhlich
BA-BUS-M40-F01,Entrepreneurial Project - Entrepreneurial Project 3,5,Kombinierte Prüfung,Projektseminar,Sebastian Schäfer
BA-BUS-M40-F01,Entrepreneurial Project - Entrepreneurial Project 4,5,Kombinierte Prüfung,Projektseminar,Falko Carl
BA-BUS-M40-F01,Entrepreneurial Project - Entrepreneurial Project 5,5,Kombinierte Prüfung,Projektseminar,Prof. Dr. rer. Sven Ripsas / Nora Revermann
BA-BUS-M40-F01,Entrepreneurial Project - Entrepreneurial Project 6,5,Kombinierte Prüfung,Projektseminar,Christian Klang
BA-BUS-M40-F01,Entrepreneurial Project - Entrepreneurial Project 7,5,Kombinierte Prüfung,Projektseminar,Christian Tegge
BA-BUS-M40-F01,Entrepreneurial Project - Entrepreneurial Project 8,5,Kombinierte Prüfung,Projektseminar,Franziska Bammert
BA-BUS-M40-F01,Entrepreneurial Project - Entrepreneurial Project 9,5,Kombinierte Prüfung,Projektseminar,Sohrab Mohammad
BA-BUS-M40-F01,Entrepreneurial Project - Entrepreneurial Project 10,5,Kombinierte Prüfung,Projektseminar,Samir Roshandel
BA-BUS-M40-F01,Entrepreneurial Project - Entrepreneurial Project 11,5,Kombinierte Prüfung,Projektseminar,Patrick Stähler
BA-BUS-M40-F01,Entrepreneurial Project - Entrepreneurial Project 12,5,Kombinierte Prüfung,Projektseminar,Rafael Kugel
BA-BUS-M40-F01,Entrepreneurial Project - Entrepreneurial Project 13,5,Kombinierte Prüfung,Projektseminar,Anett Lommatzsch
BA-BUS-M40-F01,Entrepreneurial Project - Entrepreneurial Project 14,5,Kombinierte Prüfung,Projektseminar,Sarah Ben Bernou
MPE-M01-F22,Feminist Economics,6.5,Hausarbeit,Seminar,Judith Waltl
UntRe-M11-F01,Forschungsmethodisches Seminar,6,Leistungstest (undifferenziert),seminaristischer Unterricht,Prof. Dr. Stefanie Lorenzen
POLEI-M11-F01,Research Seminar,6,Leistungstest (undifferenziert),seminaristischer Unterricht,Prof. Dr. Sigrid Betzelt
MM-M10-F01,Tutorial Seminar II,4,Leistungstest (undifferenziert),seminaristischer Lehrvortrag,Prof. Dr. Henning Kreis
MM-M06-F01,Marketing Project and Project Management,6.5,Projektbericht (P),seminaristischer Unterricht,Prof. Dr. Andrea Rumler
MM-M07-F01,Marketing Analytics,6.5,Kombinierte Prüfung,Übung am PC,Prof. Dr. Tobias Naujoks
MM-M11-F01,Research Seminar,6,Leistungstest (undifferenziert),seminaristischer Lehrvortrag,Prof. Dr. Henning Kreis
EcoPol-F08,Modelling in Ecological Economics,6.5,Kombinierte Prüfung,Seminar,Moritz Marpe
EcoPol-F09,Labour and Ecology,6.5,Hausarbeit,seminaristischer Unterricht,Prof. Dr. Markus Wissen
MA-Eco-M11-F01,Research Seminar,6,Leistungstest (undifferenziert),seminaristischer Unterricht,Prof. Dr. Eckhard Hein
IMM-M08-F02,International Marketing Project,6.5,Kombinierte Prüfung,seminaristischer Unterricht,Prof. Dr. Dirk-Mario Boltz
IMM-M09-F04,Current Issues: Data-driven Marketing,6.5,Klausur,seminaristischer Unterricht,Prof. Dr. Tobias Naujoks
IMM-M10-F02,Tutorial Seminar II,4,Leistungstest (undifferenziert),seminaristischer Unterricht,Prof. Dr. Sonja Klose
IMM-M11-F02,Research Seminar,6,Leistungstest (undifferenziert),seminaristischer Unterricht,Prof. Dr. Sonja Klose
IMM-M06-F04,Digital Marketing,6.5,Kombinierte Prüfung,Seminar,Prof. Dr. Sonja Klose
IMM-M06-F06,Marketing and Innovation for Impact-Driven and Sustainable Businesses,6.5,Kombinierte Prüfung,Seminar,Christian Schlimok / Luzius Rüedi / Bastian von Lehsten
IBCON-M11-F01,Research Seminar,6,Leistungstest (undifferenziert),seminaristischer Unterricht,Prof. Dr. Barbara Beham / Prof. Dr. Christoph Dörrenbächer
GSCOM-M11-F01,Research Seminar,6,Leistungstest (undifferenziert),seminaristischer Lehrvortrag,Prof. Dr. Dmitry Ivanov
FACT-M08-F02,Besteuerung grenzüberschreitender Transaktionen,6.5,Kombinierte Prüfung,seminaristischer Lehrvortrag,Prof. Dr. Wojciech Stiller
FACT-M23-F01,Forschungsmethodisches Seminar,6,Leistungstest (undifferenziert),seminaristischer Lehrvortrag,Prof. Dr. Agnes Aschfalk-Evertz / Prof. Dr. Wojciech Stiller
BIPM-M11-F01,Research Seminar,6,Leistungstest (undifferenziert),"Projektseminar, Action-learning",Prof. Dr. Alexander Eck
BA-ISUM-M11-F01...,Sustainable Operations Management II,5,Klausur,seminaristischer Lehrvortrag,Prof. Dr. Eberhard Schmid
BA-ISUM-M14-F01...,Integrated Sustainability Reporting,5,Kombinierte Prüfung,seminaristischer Lehrvortrag,Prof. Dr. Annett Baumast
BA-ISUM-M17-F01...,Statistics & Applications in Data Science,5,Klausur,seminaristischer Lehrvortrag,Prof. Dr. Maria Osipenko / Fanqi Meng
BA-ISUM-M22-F01...,Entrepreneurial Project III,10,Portfolio,seminaristischer Lehrvortrag,Prof. Dr. Barbara Beham / Prof. Dr. rer. Sven Ripsas / Sylvia Krepska
BA-ISUM-M24-F01...,Storytelling for Business & Business Ethics,5,Kombinierte Prüfung,Übung,Prof. Dr. Katja Andresen / Jonny Bix Bongers
BA-ISUM-M09-F01...,Sustainability Marketing,5,Kombinierte Prüfung,seminaristischer Lehrvortrag,Julia Hüller
BA-ISUM-M23-F01...,Academic Writing & Managing Complexity - Academic Writing & Managing Complexity 1,5,Kombinierte Prüfung,Übung,Martin Castro / Prof. Dr. Tobias Braun
BA-ISUM-M21-F04...,Entrepreneurial Project II,5,Portfolio,"Projektseminar, Action-learning",Dr. Yana Heussen / Maximilian Mauracher
BA-ISUM-M23-F01...,Academic Writing & Managing Complexity - Academic Writing & Managing Complexity 2,5,Kombinierte Prüfung,Übung,Dr. Katharina Maak-Castro / Prof. Dr. Tobias Braun
BA-IDB-M09-F01,Digitales Performance Management - Digital Performance Management,5,Klausur,seminaristischer Lehrvortrag,Prof. Dr. Michael Faustino Bauer
BA-IDB-M14-F01,Digital Literacy IV: Software Architectures,5,Kombinierte Prüfung,seminaristischer Lehrvortrag,Pallabi Mukherjee
BA-IDB-M17-F01,Statistics & Applications in Data Science,5,Klausur,seminaristischer Lehrvortrag,Prof. Dr. Maria Osipenko / Fanqi Meng
BA-IDB-M22-F01,Entrepreneurial Project III,10,Portfolio,"Projektseminar, Action-learning",Prof. Dr. Christoph Dörrenbächer / Rafael Kugel / Samir Roshandel
BA-IDB-M24-F01,Storytelling for Business & Business and Data Ethics,5,Kombinierte Prüfung,seminaristischer Lehrvortrag,Prof. Dr. Katja Andresen / Jonny Bix Bongers
BA-IDB-M08-F01,Digital Marketing,5,Kombinierte Prüfung,seminaristischer Lehrvortrag,Manuel Martinez Estrada
BA-IDB-M11-F01,Digital Literacy I: Coding,5,Portfolio,seminaristischer Lehrvortrag,Prof. Dr. Markus Löcher
BA-IDB-M21-F04,Entrepreneurial Project II,5,Portfolio,"Projektseminar, Action-learning",Prof. Dr. Fatoumata Camara / Dr. Yana Heussen
BA-IDB-M23-F03,Academic Writing & Managing Complexity - Academic Writing & Managing Complexity 1,5,Kombinierte Prüfung,Übung,Prof. Dr. Tobias Braun / Selen Soysal-Kazanç
BA-IDB-M23-F03,Academic Writing & Managing Complexity - Academic Writing & Managing Complexity 2,5,Kombinierte Prüfung,Übung,Prof. Dr. Tobias Braun / Christina Druffel
BA-BUS-MSQ-F01,Selbstmanagement - Selbstmanagement 1,2.5,Leistungstest (undifferenziert),"Projektseminar, Action-learning",Jacqueline Grassmé-Grave
BA-BUS-MSQ-F02,Kommunikation und Präsentation - Kommunikation und Präsentation 1,2.5,Leistungstest (undifferenziert),"Projektseminar, Action-learning",Monika Kaiser
BA-BUS-MSQ-F04,Tabellenkalkulation für Entscheidungen in der Wirtschaft (Excel),2.5,Leistungstest (undifferenziert),"Projektseminar, Action-learning",Prof. Dr. Michael Faustino Bauer
BA-BUS-MSQ-F05,Gesprächsführung,2.5,Leistungstest (undifferenziert),"Projektseminar, Action-learning",Petra Fléing
BA-BUS-MSQ-F06,Interkulturelle Kompetenz,2.5,Leistungstest (undifferenziert),"Projektseminar, Action-learning",Dr. Martina Heike Schubert / Dr. Gregor Wittke
BA-BUS-MSQ-F08,Design Thinking,2.5,Leistungstest (undifferenziert),"Projektseminar, Action-learning",Melissa Zaske
BA-BUS-MSQ-F12,Generative AI,2.5,Leistungstest (undifferenziert),"Projektseminar, Action-learning",Christian Klang
BA-BUS-MSP-F06,Business English B1: Compact Refresher,2.5,Leistungstest (undifferenziert),"Projektseminar, Action-learning",Mariana Aguilar Ramírez
BA-BUS-MSP-F02,Business English and Communication B1+,5,Leistungstest (undifferenziert),"Projektseminar, Action-learning",Mariana Aguilar Ramírez
BA-BUS-MSP-F03,Business English and Communication B2 - Business English and Communication B2 __1,5,Leistungstest (undifferenziert),"Projektseminar, Action-learning",Dr. phil. Elena Polyakova
BA-BUS-MSP-F03,Business English and Communication B2 - Business English and Communication B2 __ 2,5,Leistungstest (undifferenziert),"Projektseminar, Action-learning",Giles Shephard
BA-BUS-MSP-F03,Business English and Communication B2 - Business English and Communication B2 __ 3 Blended - Gruppe entfällt,5,Leistungstest (undifferenziert),"Projektseminar, Action-learning",
BA-BUS-MSP-F04,Business English and Communication B2+ - Business English and Communication B2+ __ 1,5,Leistungstest (undifferenziert),"Projektseminar, Action-learning",Dr. phil. Elena Polyakova
BA-BUS-MSP-F04,Business English and Communication B2+ - Business English and Communication B2+ __ 2,5,Leistungstest (undifferenziert),"Projektseminar, Action-learning",Ellen Klein
BA-BUS-MSP-F05,Business English and Communication C1 - Business English and Communication C1 __ 1,5,Leistungstest (undifferenziert),"Projektseminar, Action-learning",Krzysztof Debicki
BA-BUS-MSP-F05,Business English and Communication C1 - Business English and Communication C1 __ 2,5,Leistungstest (undifferenziert),"Projektseminar, Action-learning",Mariana Aguilar Ramírez
BA-BUS-MSP-F05,Business English and Communication C1 - Business English and Communication C1 __ 3,5,Leistungstest (undifferenziert),"Projektseminar, Action-learning",Nisha Becker
BUS-MSP-F03,"Business English B 2.1, Part 1 - Business English B 2.1, Part 1 __ 1",3,Leistungstest (undifferenziert),"Projektseminar, Action-learning",John M. Gordon
BUS-MSP-F03,"Business English B 2.1, Part 1 - Business English B 2.1, Part 1 __ 2 Abend",3,Leistungstest (undifferenziert),"Projektseminar, Action-learning",Michael David
BUS-MSP-F04,"Business English B 2.1, Part 2 - Business English B 2.1, Part 2 __ 1",3,Leistungstest (undifferenziert),"Projektseminar, Action-learning",Isabel Vinda
BUS-MSP-F04,"Business English B 2.1, Part 2 - Business English B 2.1, Part 2 __ 2",3,Leistungstest (undifferenziert),"Projektseminar, Action-learning",Krzysztof Debicki
BUS-MSP-F05,"Business English B 2.2, Part 1 - Business English B 2.2, Part 1 __ 1",3,Leistungstest (undifferenziert),"Projektseminar, Action-learning",Peter Sedy
BUS-MSP-F05,"Business English B 2.2, Part 1 - Business English B 2.2, Part 1 __ 2 Abend",3,Leistungstest (undifferenziert),"Projektseminar, Action-learning",Michael David
BUS-MSP-F06,"Business English B 2.2, Part 2 - Business English B 2.2, Part 2 __ 1",3,Leistungstest (undifferenziert),"Projektseminar, Action-learning",Nisha Becker
BUS-MSP-F06,"Business English B 2.2, Part 2 - Business English B 2.2, Part 2 __ 2 entfällt",3,Leistungstest (undifferenziert),"Projektseminar, Action-learning",
BUS-MSP-F06,"Business English B 2.2, Part 2 - Business English B 2.2, Part 2 __ 3",3,Leistungstest (undifferenziert),"Projektseminar, Action-learning",Giles Shephard
BUS-MSP-F07,"Business English C 1.1, Part 1 - Business English C 1.1, Part 1 __ 1",3,Leistungstest (undifferenziert),"Projektseminar, Action-learning",Aleksandar Zivkovic
BUS-MSP-F07,"Business English C 1.1, Part 1 - Business English C 1.1, Part 1 __ 2",3,Leistungstest (undifferenziert),"Projektseminar, Action-learning",Alex Storonkin
BUS-MSP-F08,"Business English C 1.1, Part 2 - Business English C 1.1, Part 2 __ 1 entfällt",3,Leistungstest (undifferenziert),"Projektseminar, Action-learning",
BUS-MSP-F08,"Business English C 1.1, Part 2 - Business English C 1.1, Part 2 __ 2",3,Leistungstest (undifferenziert),"Projektseminar, Action-learning",Alex Storonkin
BUS-MSP-F09,"Business English C 1.2, Part 1 - Business English C 1.2, Part 1 __ 1",3,Leistungstest (undifferenziert),"Projektseminar, Action-learning",Kenneth Rossiter
BUS-MSP-F09,"Business English C 1.2, Part 1 - Business English C 1.2, Part 1 __ 2",3,Leistungstest (undifferenziert),"Projektseminar, Action-learning",Sandra Baker
BUS-MSP-F10,"Business English C 1.2, Part 2 - Business English C 1.2, Part 2 __ 1",3,Leistungstest (undifferenziert),"Projektseminar, Action-learning",Krzysztof Debicki
BUS-MSP-F10,"Business English C 1.2, Part 2 - Business English C 1.2, Part 2 __ 2",3,Leistungstest (undifferenziert),"Projektseminar, Action-learning",Sandra Baker
CAF-MBS-F01,Internationale Unternehmensbesteuerung,5,Mündliche Prüfung (P),seminaristischer Unterricht,Prof. Dr. Wojciech Stiller
CAF-MFin-F01,Finanzierungs- und Investitionspolitik der Unternehmen - Finanzierungs- und Investitionspolitik der Unternehmen 1,5,Klausur,seminaristischer Unterricht,Dr. Stefan Paulus
CAF-MFin-F01,Finanzierungs- und Investitionspolitik der Unternehmen - Finanzierungs- und Investitionspolitik der Unternehmen 2 Blended,5,Klausur,seminaristischer Unterricht,Dr. Stefan Paulus
CAF-MFin-F01,Finanzierungs- und Investitionspolitik der Unternehmen - Corporate Finance 3,5,Klausur,seminaristischer Unterricht,Prof. Dr. Martin Uzik
CAF-MFin-F02,Finanzwirtschaftliche Analyse und Bewertung - Finanzwirtschaftliche Analyse und Bewertung 1,5,Kombinierte Prüfung,seminaristischer Unterricht,Prof. Dr. Martin Uzik
CAF-MFin-F02,Finanzwirtschaftliche Analyse und Bewertung - Financial Analysis and Valuation 2,5,Kombinierte Prüfung,seminaristischer Unterricht,Prof. Dr. Martin Uzik
CAF-MFin-F03,Finanzwirtschaft der Kapitalmärkte - Finanzwirtschaft der Kapitalmärkte 1 Blended,5,Mündliche Prüfung (P),seminaristischer Unterricht,Prof. Dr. André Tomfort
CAF-MFin-F03,Finanzwirtschaft der Kapitalmärkte - Capital Markets 2,5,Klausur,seminaristischer Unterricht,Prof. Dr. André Tomfort
CAF-MFin-F06,Quantitative and Computational Finance,5,Kombinierte Prüfung,seminaristischer Unterricht,Natalie Packham
CAF-MM-F01,Produkt- und Vertriebsmanagement - Produkt- und Vertriebsmanagement 1,5,Kombinierte Prüfung,seminaristischer Unterricht,Sascha Thieme
CAF-MM-F01,Produkt- und Vertriebsmanagement - Produkt- und Vertriebsmanagement 2 Blended,5,Kombinierte Prüfung,seminaristischer Unterricht,Sascha Thieme
CAF-MM-F01,Produkt- und Vertriebsmanagement - Product and Distribution Managment 3,5,Kombinierte Prüfung,seminaristischer Unterricht,Dr. Ernestine Siebert
CAF-MM-F02,Marktforschung - Marktforschung 1,5,Kombinierte Prüfung,seminaristischer Unterricht,Prof. Dr. Carsten Baumgarth
CAF-MM-F02,Marktforschung - Market Research 2,5,Kombinierte Prüfung,seminaristischer Unterricht,Prof. Dr. Joachim Scholz-Ligma
CAF-MM-F02,Marktforschung - Market Research 3,5,Kombinierte Prüfung,seminaristischer Unterricht,Prof. Dr. Joachim Scholz-Ligma
CAF-MM-F03,Kommunikation und Käuferverhalten - Kommunikation und Käuferverhalten 1,5,Kombinierte Prüfung,seminaristischer Unterricht,Prof. Dr. Dirk-Mario Boltz
CAF-MM-F03,Kommunikation und Käuferverhalten - Kommunikation und Käuferverhalten 2 Blended,5,Kombinierte Prüfung,seminaristischer Unterricht,Simone Krüger
CAF-MM-F03,Kommunikation und Käuferverhalten - Communication Strategies and Consumer Behaviour 3,5,Kombinierte Prüfung,seminaristischer Unterricht,Dr. Silke Knoll
CAF-MM-F05,"Digital Strategies for Public Communication, Social Media and Marketing",5,Kombinierte Prüfung,seminaristischer Unterricht,Marion Blacher-Schwake
CAF-MM-F08,Diversity in Consumer Research,5,Kombinierte Prüfung,Seminar,Dr. Silke Knoll
CAF-MM-F09,Online Marketing,5,Kombinierte Prüfung,seminaristischer Unterricht,Prof. Dr. Sonja Klose
CAF-MPO-F01,Personalmanagement - Personalmanagement 1,5,Kombinierte Prüfung,seminaristischer Unterricht,Prof. Dr. Monika Huesmann
CAF-MPO-F01,Personalmanagement - Personalmanagement 2,5,Kombinierte Prüfung,seminaristischer Unterricht,Dr. Mona Mylius
CAF-MPO-F01,Personalmanagement - Personalmanagement 3 Blended,5,Kombinierte Prüfung,seminaristischer Unterricht,Dr. Katharina Harsch
CAF-MPO-F01,Personalmanagement - Human Resource Management 4,5,Kombinierte Prüfung,seminaristischer Unterricht,Dr. Martina Heike Schubert
CAF-MPO-F02,Organisationsgestaltung - Organisationsgestaltung 1,5,Kombinierte Prüfung,seminaristischer Unterricht,Dr. Katharina Harsch
CAF-MPO-F02,Organisationsgestaltung - Organisationsgestaltung 2 Blended,5,Kombinierte Prüfung,seminaristischer Unterricht,Dr. Andreas Wieg
CAF-MPO-F02,Organisationsgestaltung - Organizational Design 3,5,Kombinierte Prüfung,seminaristischer Unterricht,Dr. Michael Graffius
CAF-MPO-F03,Rechtliche Aspekte von Personal und Organisation,5,Kombinierte Prüfung,seminaristischer Unterricht,Prof. Dr. Reingard Zimmer
CAF-MPO-F05,Führung und Teamarbeit in hybriden Arbeitsumgebungen - Führung und Teamarbeit in hybriden Arbeitsumgebungen 1,5,Kombinierte Prüfung,seminaristischer Unterricht,Prof. Dr. Christine Gockel
CAF-MPO-F06,Management Consulting,5,Kombinierte Prüfung,seminaristischer Unterricht,Prof. Dr. Matthias Tomenendal
CAF-MRE-F01,Bilanzierung und Recht der Rechnungslegung - Bilanzierung und Recht der Rechnungslegung 1,5,Klausur,seminaristischer Unterricht,Prof. Dr. Nadja Jehle
CAF-MRE-F01,Bilanzierung und Recht der Rechnungslegung - Bilanzierung und Recht der Rechnungslegung 2 Blended,5,Klausur,seminaristischer Unterricht,Prof. Dr. Hans Lieck
CAF-MRE-F02,Internationale Rechnungslegung - Internationale Rechnungslegung 1- Blended,5,Klausur,seminaristischer Unterricht,Prof. Dr. Madeleine Janke
CAF-MRE-F03,Konzernrechnungslegung / Konzerncontrolling,5,Klausur,seminaristischer Unterricht,Prof. Dr. Madeleine Janke
EcoPol-F06,The Politics of Social Cohesion in Europe,6.5,Kombinierte Prüfung,seminaristischer Unterricht,Prof. Dr. Martina Sproll
CAF-MSCOM-F01,Beschaffungs- und Produktionsmanagement - Beschaffungs- und Produktionsmanagement 1 Blended,5,Kombinierte Prüfung,seminaristischer Unterricht,Prof. Dr. Marc Rothländer
CAF-MSCOM-F01,Beschaffungs- und Produktionsmanagement - Production and Supply Management 2,5,Kombinierte Prüfung,seminaristischer Unterricht,Prof. Dr. Alexander Tsipoulanidis
CAF-MSCOM-F02,Distributions- und Transportmanagement - Distributions- und Transportmanagement 1 Blended,5,Kombinierte Prüfung,seminaristischer Unterricht,Prof. Dr. Marc Rothländer
CAF-MSCOM-F02,Distributions- und Transportmanagement - Distribution and Transportation Management 2,5,Kombinierte Prüfung,seminaristischer Unterricht,Prof. Dr. Eberhard Schmid
CAF-MSCOM-F03,Supply Chain Management und Informationssysteme,5,Kombinierte Prüfung,seminaristischer Unterricht,Prof. Dr. Christoph Manuel Meyer
CAF-MSCOM-F06,Operations Technology and Methods,5,Kombinierte Prüfung,seminaristischer Unterricht,Prof. Dr. Alexander Tsipoulanidis
QS-M01-F01,Introduction to Time Series Analysis,5,Klausur,seminaristischer Unterricht,Prof. Dr. Till Strohsal
QS-M01-F04,Platforms and Digital Business Ecosystems,5,Portfolio,seminaristischer Unterricht,Prof. Dr. Sabine Baumann / Tjark-Marvin Göllner
QS-M01-F05,International Management,5,Kombinierte Prüfung,seminaristischer Unterricht,Prof. Dr. Ewa Ostaszewska
IBMAN-MI-F01,Management Issues: Strategy and Innovation,5,Kombinierte Prüfung,seminaristischer Unterricht,Prof. Dr. Caroline V. Rudzinska
IBMAN-M32-F01,Communication and Interaction in a Professional Context - Communication and Interaction in a Professional Context 1,3,Leistungstest (undifferenziert),"Projektseminar, Action-learning",Martin Castro
IBMAN-M42-F01,Research Methodology,5,Leistungstest (undifferenziert),"Projektseminar, Action-learning",Prof. Dr. Christoph Dörrenbächer
IBMAN-M41-F01,Supervision,5,Leistungstest (undifferenziert),"Projektseminar, Action-learning",Prof. Dr. Katrin Böttcher
IBMAN-M10-F01,Business Simulation - Business Simulation 1,5,Kombinierte Prüfung,seminaristischer Unterricht,Prof. Dr. Agnes Aschfalk-Evertz / Prof. Dr. oec. Thomas Gruber
IBMAN-M34-F01,"History, Politics and Economics of the Host Country - History, Politics and Economics of the Host Country 1",5,Kombinierte Prüfung,seminaristischer Unterricht,Dr. Susanne Dittberner
IBMAN-M33-F01,Intercultural Communication - Intercultural Communication 1,3,Kombinierte Prüfung,"Projektseminar, Action-learning",Dr. Katharina Maak-Castro / Martin Castro
IBMAN-M22-F01,International Economics,5,Kombinierte Prüfung,seminaristischer Unterricht,Dr. habil. Elke Muchlinski / Prof. Dr. Jennifer Pédussel Wu
IBMAN-M07-F01,Strategic Management,5,Mündliche Prüfung (P),seminaristischer Unterricht,Prof. Dr. Mario Glowik
IBMAN-M23-F01,Fundamentals of Business Law,5,Kombinierte Prüfung,seminaristischer Unterricht,Prof. Dr. Torsten Straub
IBMAN-M03-F01,Marketing,5,Klausur,seminaristischer Unterricht,Prof. Dr. Andrea Rumler
IBMAN-M11-F01,Operations Management,5,Kombinierte Prüfung,seminaristischer Unterricht,Prof. Dr. Alexander Tsipoulanidis
IBMAN-M27-F01,Statistics,5,Klausur,seminaristischer Unterricht,Prof. Dr. Frank Brand
IBMAN-M25-F01,"Work, Business and Society",5,Kombinierte Prüfung,seminaristischer Unterricht,Nikos Markogiannakis
IBMAN-M08-F01,International Management - International Management 1,5,Kombinierte Prüfung,seminaristischer Unterricht,Prof. Dr. Christoph Dörrenbächer
IBMAN-M06-F01,Management Accounting and Controlling,5,Klausur,seminaristischer Unterricht,Prof. Dr. Michael Faustino Bauer
IBMAN-M09-F01,Organisational Behaviour in International Companies - Organisational Behaviour in International Companies 1,5,Kombinierte Prüfung,seminaristischer Unterricht,Prof. Dr. Barbara Beham
IBMAN-M12-F01,Corporate Environmental Management,5,Kombinierte Prüfung,seminaristischer Unterricht,Prof. Dr. Annett Baumast
IBMAN-M29-F01,Business Applications,5,Kombinierte Prüfung,seminaristischer Unterricht,Prof. Dr. Fatoumata Camara
IBMAN-M05-F01,Principles of Managerial Accounting,5,Klausur,seminaristischer Unterricht,Prof. Dr. oec. Thomas Gruber
IBMAN-M21-F01,Macroeconomics: The Economic Cycle and Employment,5,Kombinierte Prüfung,seminaristischer Unterricht,Prof. Dr. Till Strohsal
IBMAN-M24-F01,Regional Studies - Regional Studies 1,5,Kombinierte Prüfung,seminaristischer Unterricht,Prof. Dr. José Magone
IBMAN-M02-F01,Principles of Corporate Finance,5,Klausur,seminaristischer Unterricht,Prof. Dr. Marc Crummenerl
IBMAN-M30-F01,Introduction to the Study Programme and the Academic Environment,2,Leistungstest (undifferenziert),seminaristischer Unterricht,Prof. Dr. Mario Glowik
IBMAN-M31-F01,Self Management - Self Management 1,3,Leistungstest (undifferenziert),"Projektseminar, Action-learning",Daisy Krüger
IBMAN-M04-F01,Principles of Financial Accounting,5,Klausur,seminaristischer Unterricht,Alexander Westphal
IBMAN-M01-F01,Human Resources and Organisation,5,Kombinierte Prüfung,seminaristischer Unterricht,John C. Davis
IBMAN-M26-F01,Mathematics for Business and Economics,5,Klausur,seminaristischer Unterricht,Sourav Adhikari
IBMAN-M20-F01,Microeconomics: Allocation and Distribution,5,Klausur,seminaristischer Unterricht,Prof. Dr. Jennifer Pédussel Wu
IBMAN-M28-F01,Digital Business,5,Leistungstest (undifferenziert),seminaristischer Unterricht,Dr. Salim Chujfi La Roche
IBMAN-M08-F01,International Management - International Management 2,5,Kombinierte Prüfung,seminaristischer Unterricht,Prof. Dr. Ewa Ostaszewska
IBMAN-M09-F01,Organisational Behaviour in International Companies - Organisational Behaviour in International Companies 2,5,Kombinierte Prüfung,seminaristischer Unterricht,Dr. Jessica Di Bella
IBMAN-M10-F01,Business Simulation - Business Simulation 2,5,Kombinierte Prüfung,seminaristischer Unterricht,Prof. Dr. rer. Sabine Haller / Prof. Dr. Tobias Braun
IBMAN-M24-F01,Regional Studies - Regional Studies 2,5,Kombinierte Prüfung,seminaristischer Unterricht,Prof. Dr. José Magone
IBMAN-M31-F01,Self Management - Self Management 2,3,Leistungstest (undifferenziert),"Projektseminar, Action-learning",Daisy Krüger
IBMAN-M32-F01,Communication and Interaction in a Professional Context - Communication and Interaction in a Professional Context 2,3,Leistungstest (undifferenziert),"Projektseminar, Action-learning",Rami Abo Zarad
IBMAN-M33-F01,Intercultural Communication - Intercultural Communication 2,3,Kombinierte Prüfung,"Projektseminar, Action-learning",Rami Abo Zarad
IBMAN-M34-F01,"History, Politics and Economics of the Host Country - History, Politics and Economics of the Host Country 2",5,Kombinierte Prüfung,seminaristischer Unterricht,Jörg Nielandt
WiRecht-M39-F02...,English for Business Law: Common Law Cases,3,Leistungstest (undifferenziert),seminaristischer Unterricht,Prof. Dr. Torsten Straub
WiRecht-M39-F01...,English for Business Law: English Legal System,3,Leistungstest (undifferenziert),seminaristischer Unterricht,Prof. Dr. Torsten Straub
WiRecht-M09-F01...,Vertiefung Zivilrecht,3,Klausur,Praktische Übung,Prof. Dr. Sebastian Schunke
WiRecht-M41-F01...,Praxisseminar,1,Leistungstest (undifferenziert),"Projektseminar, Action-learning",Prof. Dr. Sebastian Schunke
WiRecht-M06-F02...,Recht im Unternehmen (Gesellschaftsrecht I),2.5,Klausur,seminaristischer Unterricht,Julia Preußer
WiRecht-M06-F01...,Recht im Unternehmen (Arbeitsrecht I),2.5,Klausur,seminaristischer Unterricht,Prof. Dr. Reingard Zimmer
WiRecht-M04-F01...,Zivilrecht III,5,Kombinierte Prüfung,Seminar,Prof. Dr. Sebastian Schunke
WiRecht-M05-F01...,Zivilrecht IV,5,Hausarbeit,seminaristischer Unterricht,Prof. Dr. Arnold Lehmann-Richter
WiRecht-M12-F01...,Wirtschaftsstrafrecht,5,Klausur,seminaristischer Unterricht,Alexander Sättele
WiRecht-M23-F01...,Bank- und Kreditsicherungsrecht,5,Klausur,seminaristischer Unterricht,Prof. Dr. Julia Klauer
WiRecht-M08-F01...,Gesellschaftsrecht II,5,Hausarbeit,seminaristischer Unterricht,Julia Preußer
WiRecht-M21-F01...,Europäisches Wirtschaftsrecht,5,Kombinierte Prüfung,seminaristischer Unterricht,Prof. Dr. Torsten Straub
WiRecht-M07-F01...,Arbeitsrecht II,5,Kombinierte Prüfung,seminaristischer Unterricht,Prof. Dr. Stefanie Lorenzen
Wi-Inf-M16-F01,Recht der digitalen Wirtschaft,5,Hausarbeit,"Projektseminar, Action-learning",Dr. Michael Funke
WiRecht-M24-F01...,Praktische Anwendungen des Wirtschaftsrechts,5,Kombinierte Prüfung,seminaristischer Unterricht,Prof. Dr. Torsten Straub
WiRecht-M03-F01...,Zivilrecht II,5,Hausarbeit,seminaristischer Unterricht,Prof. Dr. Arnold Lehmann-Richter
WiRecht-M35-F01...,Statistik,5,Klausur,seminaristischer Unterricht,Dr. Michael Schlegel
WiRecht-M11-F02...,Öffentliches Wirtschaftsrecht,5,Klausur,seminaristischer Unterricht,Prof. Dr. Johannes Schäffer / Nina Tippmann
WiRecht-M01-F01...,Einführung in das Studium,2,Leistungstest (undifferenziert),Projektseminar,Prof. Dr. Sebastian Schunke
WiRecht-M34-F01...,Volkswirtschaftliche Rahmenbedingungen,5,Klausur,Seminar,Dr. Sylvi Rzepka
WiRecht-M02-F01...,Zivilrecht I,5,Klausur,seminaristischer Unterricht,Julia Preußer
BA-WiIng-M32-F0...,Projektmanagement und Fallstudien,5,Kombinierte Prüfung,seminaristischer Unterricht,Frank Hinrichs / Charlotte Ritter
BA-WiIng-M33-F0...,Unternehmenssimulation mit Teamentwicklung und Supervision - Unternehmenssimulation mit Teamentwicklung und Supervision 1,5,Kombinierte Prüfung (undifferenziert),Übung,Prof. Dr. rer. Christian Noss / Susanne Schubert
BA-WiIng-M34-F0...,Strategische Finanzplanung und Bewertung,5,Klausur,seminaristischer Unterricht,Prof. Dr. Frank Witte
BA-WiIng-M36-F0...,Nachhaltiges Operations Management II,5,Kombinierte Prüfung,seminaristischer Unterricht,Prof. Dr. Eberhard Schmid
BA-WiIng-M37-F0...,Analyse unternehmerischer Nachhaltigkeit,5,Klausur,seminaristischer Unterricht,Prof. Dr. Annett Baumast
BA-WiIng-M21-F0...,Statistik,5,Klausur,seminaristischer Unterricht,Dr. Hartmut Bauer
BA-WiIng-M22-F0...,Investition und Finanzierung,5,Klausur,seminaristischer Unterricht,Prof. Dr. Axel Hellmann
BA-WiIng-M07-F0...,Business English II,0,Kombinierte Prüfung,Übung,Sandra Baker
BA-WiIng-M07-F0...,Business English III,0,Kombinierte Prüfung,Übung,Sandra Baker
BA-WiIng-M08-F0...,Einführung in die Umweltökonomie und nachhaltige Entwicklung,5,Klausur,seminaristischer Unterricht,Gerrit von Jorck
BA-WiIng-M09-F0...,Marketing,5,Klausur,seminaristischer Unterricht,Prof. Dr. rer. Harald Rüggeberg
BA-WiIng-M33-F0...,Unternehmenssimulation mit Teamentwicklung und Supervision - Unternehmenssimulation mit Teamentwicklung und Supervision 2,5,Kombinierte Prüfung (undifferenziert),Übung,Robert Dabitz / Sandra Fanroth
Wi-Inf-M12-F01,Sicherheit in der Informationstechnologie,5,Kombinierte Prüfung,seminaristischer Unterricht,Prof. Dr. Katja Andresen
Wi-Inf-M37-F01,Praxisseminar,1,Leistungstest (undifferenziert),"Projektseminar, Action-learning",Prof. Dr. rer. Heike Wiesner
Wi-Inf-M17-F01,Unternehmenssoftware für KMU,5,Kombinierte Prüfung,Übung am PC,Corinna Friebel-Fohrholz
Wi-Inf-M14-F01,IT Governance und IT Service Management,5,Klausur,Praktische Übung,Prof. Dr. Sven Pohland
Wi-Inf-M10-F01,Projekt Software Engineering,10,Projektdokumentation,"Projektseminar, Action-learning",Prof. Dr. rer. Heike Wiesner
Wi-Inf-M28-F01,Volkswirtschaftliche Rahmenbedingungen,5,Klausur,seminaristischer Unterricht,Dr. Heinrich Jess
Wi-Inf-M04-F01,Datenbanken,10,Klausur,seminaristischer Unterricht,Prof. Dr. Markus Schaal
Wi-Inf-M31-F01,Statistik,5,Klausur,seminaristischer Unterricht,Prof. Dr. rer. nat. Susanne Hannappel
Wi-Inf-M08-F01,App Entwicklung mit Android,5,Kombinierte Prüfung,seminaristischer Unterricht,Holger Zimmermann
Wi-Inf-M11-F01,Unternehmensmodellierung,5,Klausur,seminaristischer Unterricht,Prof. Dr. Frank Habermann
Wi-Inf-M15-F01,Aktuelle Fragen der Wirtschaftsinformatik,5,Kombinierte Prüfung,"Projektseminar, Action-learning",Prof. Dr. Alexander Eck
Wi-Inf-M18-F01,E-Business und digitale Geschäftsmodelle,5,Kombinierte Prüfung,Übung am PC,Andreas Gäbler
Wi-Inf-M35-F01,Projektmanagement,5,Kombinierte Prüfung (undifferenziert),seminaristischer Unterricht,Prof. Dr. Sven Pohland
Wi-Inf-M13-F01,Informations- und Kommunikationsmanagement - Informations- und Kommunikationsmanagement 1,5,Kombinierte Prüfung,Praktische Übung,Ertan Gönülal
Wi-Inf-M09-F02,Full-Stack Web Development,5,Programmentwurf,Übung am PC,Prof. Dr. Alexander Eck
Wi-Inf-M19-F02,Introduction to Data Analytics,5,Kombinierte Prüfung,Übung am PC,Khanh Le Nguyen
Wi-Inf-M33-F01,English 2- English for Information Technology Part 2 - English 2- English for Information Technology Part 2 __ 1,3,Leistungstest (undifferenziert),Praktische Übung,Aleksandar Zivkovic
Wi-Inf-M03-F01,Betriebliche Informationssysteme,5,Kombinierte Prüfung,seminaristischer Unterricht,Prof. Dr. Katja Andresen
Wi-Inf-M06-F01,Objektorientierte Programmierung II - Objektorientierte Programmierung II_1,5,Kombinierte Prüfung,Übung am PC,Prof. Dr. Markus Schaal
Wi-Inf-M01-F01,Einführung in das Studium der Wirtschaftsinformatik - Einführung in das Studium der Wirtschaftsinformatik 1,1,Leistungstest (undifferenziert),"Projektseminar, Action-learning",Prof. Dr. Katja Andresen
Wi-Inf-M32-F01,English 1- English for Information Technology Part 1 - English 1- English for Information Technology Part 1 __ 1,3,Leistungstest (undifferenziert),Praktische Übung,Aleksandar Zivkovic
Wi-Inf-M27-F01,Sozialwissenschaftliche Aspekte der Informations- und Wissensgesellschaft,5,Kombinierte Prüfung,seminaristischer Unterricht,Prof. Dr. rer. Heike Wiesner
Wi-Inf-M05-F01,Objektorientierte Programmierung I - Objektorientierte Programmierung I_1,5,Kombinierte Prüfung,Übung am PC,Prof. Dr. Diana Hristova
Wi-Inf-M02-F01,Grundlagen der Wirtschaftsinformatik - Grundlagen der Wirtschaftsinformatik 1,5,Kombinierte Prüfung,Übung am PC,Randy Witte
Wi-Inf-M01-F01,Einführung in das Studium der Wirtschaftsinformatik - Einführung in das Studium der Wirtschaftsinformatik 2,1,Leistungstest (undifferenziert),"Projektseminar, Action-learning",Thomas Schwier
Wi-Inf-M02-F01,Grundlagen der Wirtschaftsinformatik - Grundlagen der Wirtschaftsinformatik 2,5,Kombinierte Prüfung,Übung am PC,Leonie Scholl
Wi-Inf-M05-F01,Objektorientierte Programmierung I - Objektorientierte Programmierung I_2,5,Kombinierte Prüfung,Übung am PC,Prof. Dr. Diana Hristova
Wi-Inf-M06-F01,Objektorientierte Programmierung II - Objektorientierte Programmierung II_2,5,Kombinierte Prüfung,Übung am PC,Prof. Dr. Alexander Eck
Wi-Inf-M32-F01,English 1- English for Information Technology Part 1 - English 1- English for Information Technology Part 1 __ 2,3,Leistungstest (undifferenziert),Praktische Übung,Aleksandar Zivkovic
Wi-Inf-M33-F01,English 2- English for Information Technology Part 2 - English 2- English for Information Technology Part 2 __ 2,3,Leistungstest (undifferenziert),Praktische Übung,Alan McElroy
Wi-Inf-M20-F01,Optimierung und Simulation - Optimisation and Simulation,5,Kombinierte Prüfung,"Projektseminar, Action-learning",Prof. Dr. Frank Brand
BA-Eco-M43-F01,Praxisseminar,1,Referat (undifferenziert),"Projektseminar, Action-learning",Prof. Dr. Tobias Börger
BA-Eco-M35-F01,Statistik II - Statistik II_1,5,Klausur,seminaristischer Unterricht,Prof. Dr. Thomas Knispel
BA-Eco-M35-F01,Statistik II - Statistik II_2,5,Klausur,seminaristischer Unterricht,Prof. Dr. Markus Löcher
BA-Eco-M35-F01,Statistik II - Statistik II_3,5,Klausur,seminaristischer Unterricht,Prof. Dr. rer. nat. Susanne Hannappel
BA-Eco-M34-F01,Statistik I,5,Klausur,seminaristischer Unterricht,Prof. Dr. Edin Basic
BA-Eco-M33-F01,Wirtschaftsmathematik,5,Klausur,Seminar,Gunda-Alexandra Detmers
BA-Eco-M17-F01,Verhaltensökonomik - Behavioral Economics,5,Kombinierte Prüfung,seminaristischer Unterricht,Prof. Dr. Tim Lohse / Prof. Dr. Salmai Qari
BA-Eco-M13-F01,Europäische Wirtschaftspolitik - European Economic Policy,5,Kombinierte Prüfung,"Projektseminar, Action-learning",Dr. habil. Elke Muchlinski
BA-Eco-M10-F01,Theorie der Wirtschaftspolitik,5,Kombinierte Prüfung,seminaristischer Unterricht,Sarah Godar
BA-Eco-M08-F01,Angewandte Mikroökonomie,5,Klausur,seminaristischer Unterricht,Prof. Dr. Tim Lohse
BA-Eco-M07-F01,Nationale und internationale Finanzbeziehungen - National and International Financial Relations,5,Hausarbeit,seminaristischer Unterricht,Ayoze Alfageme
BA-Eco-M06-F01,Empirische Wirtschaftsforschung und Grundlagen der Ökonometrie - Empirische Wirtschaftsforschung und Grundlagen der Ökonometrie 1,5,Klausur,seminaristischer Unterricht,Prof. Dr. Salmai Qari
BA-Eco-M06-F01,Empirische Wirtschaftsforschung und Grundlagen der Ökonometrie - Empirical Economic Research and Introductory Econometrics 2,5,Klausur,seminaristischer Unterricht,Prof. Dr. Salmai Qari
BA-Eco-M04-F01,Mikroökonomie II,5,Klausur,seminaristischer Unterricht,Dr. Enrico Böhme
BA-Eco-M01-F01,Einführung in das Volkswirtschaftsstudium,2,Leistungstest (undifferenziert),"Projektseminar, Action-learning",Prof. Dr. Tobias Börger
CAF-MM-F06,Welcome to the machine: KI-Tools für jeden Schritt im Marketing,5,Kombinierte Prüfung,Seminar,Prof. Dr. Dirk-Mario Boltz
BA-BUS-M11-F01,Unternehmenssimulation und Teamentwicklung - Unternehmenssimulation und Teamentwicklung 1,5,Leistungstest (undifferenziert),Praktische Übung,Prof. Dr. rer. Christian Noss
BA-BUS-M11-F01,Unternehmenssimulation und Teamentwicklung - Unternehmenssimulation und Teamentwicklung 2,5,Leistungstest (undifferenziert),Praktische Übung,Prof. Dr. B. Peter Utzig / Prof. Dr. Frank Witte
BA-BUS-M11-F01,Unternehmenssimulation und Teamentwicklung - Unternehmenssimulation und Teamentwicklung 3,5,Leistungstest (undifferenziert),Praktische Übung,Prof. Dr. B. Peter Utzig / Prof. Dr. Frank Witte
BA-BUS-M11-F01,Unternehmenssimulation und Teamentwicklung - Unternehmenssimulation und Teamentwicklung 4,5,Leistungstest (undifferenziert),Praktische Übung,Prof. Dr. rer. Christian Noss / Prof. Dr. Martina Eberl
BA-BUS-M11-F01,Unternehmenssimulation und Teamentwicklung - Unternehmenssimulation und Teamentwicklung 5,5,Leistungstest (undifferenziert),Praktische Übung,Prof. Dr. Thomas Wolke
BA-BUS-M11-F01,Unternehmenssimulation und Teamentwicklung - Unternehmenssimulation und Teamentwicklung 6,5,Leistungstest (undifferenziert),Praktische Übung,Prof. Dr. rer. Christian Noss / Prof. Dr. Katrin Böttcher
BA-BUS-M11-F01,Unternehmenssimulation und Teamentwicklung - Unternehmenssimulation und Teamentwicklung 7,5,Leistungstest (undifferenziert),Praktische Übung,Prof. Dr. rer. Christian Noss
BA-BUS-M11-F01,Unternehmenssimulation und Teamentwicklung - Unternehmenssimulation und Teamentwicklung 8,5,Leistungstest (undifferenziert),Praktische Übung,Prof. Dr. rer. Sabine Haller / Prof. Dr. Tobias Braun
BUS-MSQ-F01,Selbstmanagement - Selbstmanagement 1,3,Leistungstest (undifferenziert),"Projektseminar, Action-learning",Dietrich Wolbert
BUS-MSQ-F01,Selbstmanagement - Selbstmanagement 2,3,Leistungstest (undifferenziert),"Projektseminar, Action-learning",Dietrich Wolbert
BUS-MSQ-F01,Selbstmanagement - Selbstmanagement 3,3,Leistungstest (undifferenziert),"Projektseminar, Action-learning",Sandra Mihailovic
BUS-MSQ-F01,Selbstmanagement - Selbstmanagement 4,3,Leistungstest (undifferenziert),"Projektseminar, Action-learning",Ina Brodersen
BUS-MSQ-F01,Selbstmanagement - Self Management 5,3,Leistungstest (undifferenziert),"Projektseminar, Action-learning",Dr. Martina Heike Schubert / Dr. Gregor Wittke
BUS-MSQ-F02,Kommunikation und Präsentation - Kommunikation und Präsentation 1,3,Leistungstest (undifferenziert),"Projektseminar, Action-learning",Siegrid Nordhausen
BUS-MSQ-F02,Kommunikation und Präsentation - Kommunikation und Präsentation 2,3,Leistungstest (undifferenziert),"Projektseminar, Action-learning",Dr. Sabine Vollmert-Spiesky
BUS-MSQ-F02,Kommunikation und Präsentation - Kommunikation und Präsentation 3 Blended,3,Leistungstest (undifferenziert),"Projektseminar, Action-learning",Aleksandra Skoric
BUS-MSQ-F04,Tabellenkalkulation für Entscheidungen in der Wirtschaft (Excel) - Tabellenkalkulation für Entscheidungen in der Wirtschaft (Excel) 1,3,Leistungstest (undifferenziert),"Projektseminar, Action-learning",Prof. Dr. Monika Huesmann
BUS-MSQ-F04,Tabellenkalkulation für Entscheidungen in der Wirtschaft (Excel) - Tabellenkalkulation für Entscheidungen in der Wirtschaft (Excel) 2,3,Leistungstest (undifferenziert),"Projektseminar, Action-learning",Prof. Dr. Thomas Wolke
BUS-MSQ-F04,Tabellenkalkulation für Entscheidungen in der Wirtschaft (Excel) - Tabellenkalkulation für Entscheidungen in der Wirtschaft (Excel) 3 Blended,3,Leistungstest (undifferenziert),"Projektseminar, Action-learning",Prof. Dr. Axel Zernack
BUS-MSQ-F03,Agiles Projektmanagement - Agiles Projektmanagement 1,3,Leistungstest (undifferenziert),"Projektseminar, Action-learning",Julia Puki
BUS-MSQ-F03,Agiles Projektmanagement - Agiles Projektmanagement 2,3,Leistungstest (undifferenziert),"Projektseminar, Action-learning",Annette Schalla
BUS-MSQ-F03,Agiles Projektmanagement - Agiles Projektmanagement 3,3,Leistungstest (undifferenziert),"Projektseminar, Action-learning",Stefan Grave
BUS-MSQ-F03,Agiles Projektmanagement - Agiles Projektmanagement 4 Blended,3,Leistungstest (undifferenziert),"Projektseminar, Action-learning",Stefan Grave
BUS-MSQ-F05,Gesprächsführung - Gesprächsführung 1,3,Leistungstest (undifferenziert),"Projektseminar, Action-learning",Jacqueline Grassmé-Grave / Stefan Grave
BUS-MSQ-F05,Gesprächsführung - Gesprächsführung 2,3,Leistungstest (undifferenziert),"Projektseminar, Action-learning",Ulrike Kiewitt
BUS-MSQ-F05,Gesprächsführung - Gesprächsführung 3,3,Leistungstest (undifferenziert),"Projektseminar, Action-learning",Dr. Sabine Vollmert-Spiesky
BUS-MSQ-F06,Interkulturelle Kompetenz - Interkulturelle Kompetenz 1,3,Leistungstest (undifferenziert),"Projektseminar, Action-learning",Tanja Nettelnstroth
BUS-MSQ-F06,Interkulturelle Kompetenz - Intercultural Competence 2,3,Leistungstest (undifferenziert),"Projektseminar, Action-learning",Saskia Vellguth
BUS-MSQ-F06,Interkulturelle Kompetenz - Interkulturelle Kompetenz 3 Blended,3,Leistungstest (undifferenziert),"Projektseminar, Action-learning",Dr. Martina Heike Schubert / Dr. Gregor Wittke
BUS-MSQ-F07,Improve-Präsentationstraining/ Improvisationstheater - Improve-Präsentationstraining/ Improvisationstheater 1,3,Leistungstest (undifferenziert),"Projektseminar, Action-learning",Angeline Heilfort
BUS-MSQ-F08,Design Thinking - Design Thinking 1,3,Leistungstest (undifferenziert),"Projektseminar, Action-learning",Sarah Ben Bernou
BUS-MSQ-F08,Design Thinking - Design Thinking 2,3,Leistungstest (undifferenziert),"Projektseminar, Action-learning",Michael Metzger
BUS-MSQ-F08,Design Thinking - Design Thinking 3,3,Leistungstest (undifferenziert),"Projektseminar, Action-learning",Kerstin Buschbeck
BUS-MSQ-F09,Grundlagen der Digitalisierung - Grundlagen der Digitalisierung 1,3,Leistungstest (undifferenziert),"Projektseminar, Action-learning",Prof. Dr. Katrin Böttcher
BUS-MSQ-F09,Grundlagen der Digitalisierung - Grundlagen der Digitalisierung 2,3,Leistungstest (undifferenziert),"Projektseminar, Action-learning",Marian Felkel
BUS-MSQ-F09,Grundlagen der Digitalisierung - Grundlagen der Digitalisierung 3,3,Leistungstest (undifferenziert),"Projektseminar, Action-learning",Marian Felkel
BUS-MSQ-F10,Visual Thinking for Business - Visual Thinking for Business 1,3,Leistungstest (undifferenziert),"Projektseminar, Action-learning",Philip McClenaghan
BUS-MSQ-F10,Visual Thinking for Business - Visual Thinking for Business 2,3,Leistungstest (undifferenziert),"Projektseminar, Action-learning",Philip McClenaghan
BUS-MSQ-F11,International Project Management - International Project Management 1,3,Leistungstest (undifferenziert),"Projektseminar, Action-learning",Sakib Mehanovic
BUS-MSQ-F11,International Project Management - International Project Management 2 Blended,3,Leistungstest (undifferenziert),"Projektseminar, Action-learning",Sakib Mehanovic
BUS-MSQ-F12,Generative AI - Generative AI 1,3,Leistungstest (undifferenziert),"Projektseminar, Action-learning",Tore Reimers
BUS-MSQ-F12,Generative AI - Generative AI 2,3,Leistungstest (undifferenziert),"Projektseminar, Action-learning",Dr. rer. pol. Paul Walter
BUS-MSQ-F12,Generative AI - Generative AI 3,3,Leistungstest (undifferenziert),"Projektseminar, Action-learning",Jonas Eberlein
BUS-MSQ-F12,Generative AI - Generative AI 4,3,Leistungstest (undifferenziert),"Projektseminar, Action-learning",Christian Klang
BUS-M39-F01,Praxisseminar - Praxisseminar 8,1,Leistungstest (undifferenziert),Seminar,Prof. Dr. Jochen Breinlinger-O'Reilly
CAF-MBS-F02,Ausgewählte Fragen der Unternehmensbesteuerung,5,Kombinierte Prüfung,seminaristischer Unterricht,Prof. Dr. Wojciech Stiller
BA-Eco-M14-F01,"Märkte, Wettbewerb und Regulierung",5,Klausur,seminaristischer Unterricht,Prof. Dr. Andreas Polk
BA-BUS-MSQ-F07,Improve-Präsentationstraining/ Improvisationstheater,2.5,Leistungstest (undifferenziert),"Projektseminar, Action-learning",Angeline Heilfort
BUS-MSQ-F01,Selbstmanagement - Selbstmanagement 6 Blended,3,Leistungstest (undifferenziert),"Projektseminar, Action-learning",Mona Katzenberger
BUS-MSQ-F12,Generative AI - Generative AI 5 Blended,3,Leistungstest (undifferenziert),"Projektseminar, Action-learning",Tore Reimers
IBMAN-MI-F13,Management Issues: Project Management,5,Kombinierte Prüfung,seminaristischer Unterricht,Andreas Imthurn
IBMAN-MI-F09,Management Issues: Entrepreneurship,5,Kombinierte Prüfung,seminaristischer Unterricht,Prof. Dr. rer. Sven Ripsas
MPE-M01-F23,Strategic Responsible Transformation,6.5,Kombinierte Prüfung,seminaristischer Unterricht,Prof. Dr. Matthias Tomenendal
BA-BUS-M27-F01,Wirtschaftsmathematik - Wirtschaftsmathematik 7 - Nachzügler,5,Klausur,seminaristischer Unterricht,
CAF-MSCOM-F08,Nachhaltige Planung und Optimierung logistischer Systeme im Supply Chain Management,5,Kombinierte Prüfung,seminaristischer Unterricht,Prof. Dr. Marc Rothländer
BUS-M12-F01,"Wirtschaftswissenschaftliches Seminar - Seminar 10 - KI, Automatisierung, Plattformökonomie",5,Hausarbeit,seminaristischer Unterricht,Jonny Bix Bongers
BUS-M10-F01,Operations Management - Operations Management 4 (Englisch),5,Kombinierte Prüfung,seminaristischer Unterricht,Martin Bodo Pruy
BA-BUS-M08-F01,Instrumente des Controllings - Instrumente des Controllings 8,5,Klausur,seminaristischer Unterricht,Martin Bodo Pruy
BUS-M12-F01,Wirtschaftswissenschaftliches Seminar - Seminar 11 - Empirische Finanzmarktforschung,5,Hausarbeit,seminaristischer Unterricht,Dr. Stefan Paulus
BA-ISUM-M11-F01,Sustainable Operations Management II,5,Klausur,seminaristischer Lehrvortrag,Prof. Dr. Eberhard Schmid
BA-ISUM-M14-F01,Integrated Sustainability Reporting,5,Kombinierte Prüfung,seminaristischer Lehrvortrag,Prof. Dr. Annett Baumast
BA-ISUM-M17-F01,Statistics & Applications in Data Science,5,Klausur,seminaristischer Lehrvortrag,Prof. Dr. Maria Osipenko / Fanqi Meng
BA-ISUM-M22-F01,Entrepreneurial Project III,10,Portfolio,seminaristischer Lehrvortrag,Prof. Dr. Barbara Beham / Prof. Dr. rer. Sven Ripsas / Sylvia Krepska
BA-ISUM-M24-F01,Storytelling for Business & Business Ethics,5,Kombinierte Prüfung,Übung,Prof. Dr. Katja Andresen / Jonny Bix Bongers
BA-ISUM-M09-F01,Sustainability Marketing,5,Kombinierte Prüfung,seminaristischer Lehrvortrag,Julia Hüller
BA-ISUM-M23-F01,Academic Writing & Managing Complexity - Academic Writing & Managing Complexity 1,5,Kombinierte Prüfung,Übung,Martin Castro / Prof. Dr. Tobias Braun
BA-ISUM-M21-F04,Entrepreneurial Project II,5,Portfolio,"Projektseminar, Action-learning",Dr. Yana Heussen / Maximilian Mauracher
BA-ISUM-M23-F01,Academic Writing & Managing Complexity - Academic Writing & Managing Complexity 2,5,Kombinierte Prüfung,Übung,Dr. Katharina Maak-Castro / Prof. Dr. Tobias Braun
WiRecht-M39-F02,English for Business Law: Common Law Cases,3,Leistungstest (undifferenziert),seminaristischer Unterricht,Prof. Dr. Torsten Straub
WiRecht-M39-F01,English for Business Law: English Legal System,3,Leistungstest (undifferenziert),seminaristischer Unterricht,Prof. Dr. Torsten Straub
WiRecht-M09-F01,Vertiefung Zivilrecht,3,Klausur,Praktische Übung,Prof. Dr. Sebastian Schunke
WiRecht-M41-F01,Praxisseminar,1,Leistungstest (undifferenziert),"Projektseminar, Action-learning",Prof. Dr. Sebastian Schunke
WiRecht-M06-F02,Recht im Unternehmen (Gesellschaftsrecht I),2.5,Klausur,seminaristischer Unterricht,Julia Preußer
WiRecht-M06-F01,Recht im Unternehmen (Arbeitsrecht I),2.5,Klausur,seminaristischer Unterricht,Prof. Dr. Reingard Zimmer
WiRecht-M04-F01,Zivilrecht III,5,Kombinierte Prüfung,Seminar,Prof. Dr. Sebastian Schunke
WiRecht-M05-F01,Zivilrecht IV,5,Hausarbeit,seminaristischer Unterricht,Prof. Dr. Arnold Lehmann-Richter
WiRecht-M12-F01,Wirtschaftsstrafrecht,5,Klausur,seminaristischer Unterricht,Alexander Sättele
WiRecht-M23-F01,Bank- und Kreditsicherungsrecht,5,Klausur,seminaristischer Unterricht,Prof. Dr. Julia Klauer
WiRecht-M08-F01,Gesellschaftsrecht II,5,Hausarbeit,seminaristischer Unterricht,Julia Preußer
WiRecht-M21-F01,Europäisches Wirtschaftsrecht,5,Kombinierte Prüfung,seminaristischer Unterricht,Prof. Dr. Torsten Straub
WiRecht-M07-F01,Arbeitsrecht II,5,Kombinierte Prüfung,seminaristischer Unterricht,Prof. Dr. Stefanie Lorenzen
WiRecht-M24-F01,Praktische Anwendungen des Wirtschaftsrechts,5,Kombinierte Prüfung,seminaristischer Unterricht,Prof. Dr. Torsten Straub
WiRecht-M03-F01,Zivilrecht II,5,Hausarbeit,seminaristischer Unterricht,Prof. Dr. Arnold Lehmann-Richter
WiRecht-M35-F01,Statistik,5,Klausur,seminaristischer Unterricht,Dr. Michael Schlegel
WiRecht-M11-F02,Öffentliches Wirtschaftsrecht,5,Klausur,seminaristischer Unterricht,Prof. Dr. Johannes Schäffer / Nina Tippmann
WiRecht-M01-F01,Einführung in das Studium,2,Leistungstest (undifferenziert),Projektseminar,Prof. Dr. Sebastian Schunke
WiRecht-M34-F01,Volkswirtschaftliche Rahmenbedingungen,5,Klausur,Seminar,Dr. Sylvi Rzepka
WiRecht-M02-F01,Zivilrecht I,5,Klausur,seminaristischer Unterricht,Julia Preußer
BA-WiIng-M32-F01,Projektmanagement und Fallstudien,5,Kombinierte Prüfung,seminaristischer Unterricht,Frank Hinrichs / Charlotte Ritter
BA-WiIng-M33-F01,Unternehmenssimulation mit Teamentwicklung und Supervision - Unternehmenssimulation mit Teamentwicklung und Supervision 1,5,Kombinierte Prüfung (undifferenziert),Übung,Prof. Dr. rer. Christian Noss / Susanne Schubert
BA-WiIng-M34-F01,Strategische Finanzplanung und Bewertung,5,Klausur,seminaristischer Unterricht,Prof. Dr. Frank Witte
BA-WiIng-M36-F01,Nachhaltiges Operations Management II,5,Kombinierte Prüfung,seminaristischer Unterricht,Prof. Dr. Eberhard Schmid
BA-WiIng-M37-F01,Analyse unternehmerischer Nachhaltigkeit,5,Klausur,seminaristischer Unterricht,Prof. Dr. Annett Baumast
BA-WiIng-M21-F01,Statistik,5,Klausur,seminaristischer Unterricht,Dr. Hartmut Bauer
BA-WiIng-M22-F01,Investition und Finanzierung,5,Klausur,seminaristischer Unterricht,Prof. Dr. Axel Hellmann
BA-WiIng-M07-F02,Business English II,0,Kombinierte Prüfung,Übung,Sandra Baker
BA-WiIng-M07-F03,Business English III,0,Kombinierte Prüfung,Übung,Sandra Baker
BA-WiIng-M08-F01,Einführung in die Umweltökonomie und nachhaltige Entwicklung,5,Klausur,seminaristischer Unterricht,Gerrit von Jorck
BA-WiIng-M09-F01,Marketing,5,Klausur,seminaristischer Unterricht,Prof. Dr. rer. Harald Rüggeberg
BA-WiIng-M33-F01,Unternehmenssimulation mit Teamentwicklung und Supervision - Unternehmenssimulation mit Teamentwicklung und Supervision 2,5,Kombinierte Prüfung (undifferenziert),Übung,Robert Dabitz / Sandra Fanroth
