"Kurs-ID","Modulnummer","Kursname","Dozierende","Semester"
"1","BA-BUS-M01-F01","Einführung in die Betriebswirtschaftslehre 1","Prof. Dr. B. Peter Utzig / Prof. Dr. Frank Witte","SoSe26"
"2","BA-BUS-M01-F01","Einführung in die Betriebswirtschaftslehre 2","Prof. Dr. Solveig Reißig-Thust / Prof. Dr. oec. Thomas Gruber","SoSe26"
"3","BA-BUS-M01-F01","Einführung in die Betriebswirtschaftslehre 3","Prof. Dr. rer. Harald Rüggeberg / Prof. Dr. Janina Bogajewskaja","SoSe26"
"4","BA-BUS-M01-F01","Einführung in die Betriebswirtschaftslehre 4 Blended","Prof. Dr. Christoph Manuel Meyer","SoSe26"
"5","BA-BUS-M01-F01","Einführung in die Betriebswirtschaftslehre 5 - Kurs für Wiederholende","Prof. Dr. rer. Christian Noss / Prof. Dr. Wojciech Stiller","SoSe26"
"6","BA-BUS-M01-F02","Projektmanagement 1","Felix Wieduwilt","SoSe26"
"7","BA-BUS-M01-F02","Projektmanagement 2","Tobias Bily","SoSe26"
"8","BA-BUS-M01-F02","Projektmanagement 3","Andre Eggert","SoSe26"
"9","BA-BUS-M01-F02","Projektmanagement 4","Ilias Baltzis","SoSe26"
"10","BA-BUS-M01-F02","Projektmanagement 5","Prof. Dr. Axel Zernack","SoSe26"
"11","BA-BUS-M01-F02","Projektmanagement 6","Fabian Schwarz","SoSe26"
"12","BA-BUS-M01-F02","Projektmanagement 7 Blended","Dr. Herbert Goestl","SoSe26"
"13","BA-BUS-M01-F02","Projektmanagement 8 Blended","Fabian Schwarz","SoSe26"
"14","BA-BUS-M01-F03","Wissenschaftliches Arbeiten 1","Susanne Föhse-Hiltmann","SoSe26"
"15","BA-BUS-M01-F03","Wissenschaftliches Arbeiten 2","Dr. Albrecht Heinrici","SoSe26"
"16","BA-BUS-M01-F03","Wissenschaftliches Arbeiten 3","Dr. Giorgos Christonakis","SoSe26"
"17","BA-BUS-M01-F03","Wissenschaftliches Arbeiten 4","Leo Witowski","SoSe26"
"18","BA-BUS-M01-F03","Wissenschaftliches Arbeiten 5","Ilias Baltzis","SoSe26"
"19","BA-BUS-M01-F03","Wissenschaftliches Arbeiten 6","Prof. Dr. Axel Zernack","SoSe26"
"20","BA-BUS-M01-F03","Wissenschaftliches Arbeiten 7","Leo Witowski","SoSe26"
"21","BA-BUS-M02-F01","Personal und Organisation 1","Dr. Manuela E. Nork-Schürger","SoSe26"
"22","BA-BUS-M02-F01","Personal und Organisation 2","Patrick Lange","SoSe26"
"23","BA-BUS-M02-F01","Personal und Organisation 3","Rüdiger Hans Erdmann","SoSe26"
"24","BA-BUS-M02-F01","Personal und Organisation 4","Dr. Katharina Harsch","SoSe26"
"25","BA-BUS-M02-F01","Personal und Organisation 5","Heike Wolf","SoSe26"
"26","BA-BUS-M02-F01","Human Resources and Organisation 6","John C. Davis","SoSe26"
"27","BA-BUS-M02-F01","Human Resources and Organisation 7","John C. Davis","SoSe26"
"28","BA-BUS-M02-F01","Personal und Organisation 8 Blended","Dr. Katharina Harsch","SoSe26"
"29","BUS-M02-F01","Personal und Organisation 1","Prof. Dr. Christine Gockel","SoSe26"
"30","BUS-M02-F01","Personal und Organisation 2","Patrick Lange","SoSe26"
"31","BUS-M02-F01","Personal und Organisation 3","Frederik Kupitz","SoSe26"
"32","BA-BUS-M03-F01","Investition und Finanzierung 1","David Müller","SoSe26"
"33","BA-BUS-M03-F01","Investition und Finanzierung 2","Prof. Dr. Martin Uzik","SoSe26"
"34","BA-BUS-M03-F01","Principles of Corporate Finance 3","Prof. Dr. Marc Crummenerl","SoSe26"
"35","BA-BUS-M03-F01","Principles of Corporate Finance 4","Rodolfo Selem","SoSe26"
"36","BA-BUS-M03-F01","Investition und Finanzierung 5 - Kurs für Wiederholende","Prof. Dr. Ursula Walther","SoSe26"
"37","BUS-M03-F01","Investition und Finanzierung 1","Prof. Dr. Axel Hellmann","SoSe26"
"38","BUS-M03-F01","Investition und Finanzierung 2","Prof. Dr. Thomas Wolke","SoSe26"
"39","BUS-M03-F01","Investition und Finanzierung 3","Dr. Maciej Merkel","SoSe26"
"40","BUS-M03-F01","Investition und Finanzierung 4 Abend","Reinhard Borck","SoSe26"
"41","BUS-M03-F01","Principles of Corporate Finance 5","Ayoze Alfageme","SoSe26"
"42","BUS-M03-F01","Investition und Finanzierung 6 - Kurs für Wiederholende","Prof. Dr. Ursula Walther","SoSe26"
"43","BA-BUS-M04-F01","Marketing 1","Prof. Dr. Tobias Naujoks","SoSe26"
"44","BA-BUS-M04-F01","Marketing 2","Prof. Dr. rer. Pakize Schuchert-Güler","SoSe26"
"45","BA-BUS-M04-F01","Marketing 3 (Englisch)","Dr. Stefanie Dänzler","SoSe26"
"46","BA-BUS-M04-F01","Marketing 4 (Englisch)","Dr. Michael Unkel","SoSe26"
"47","BA-BUS-M04-F01","Marketing 5 Blended","Susanne Föhse-Hiltmann","SoSe26"
"48","BUS-M04-F01","Marketing 1","Prof. Dr. rer. Pakize Schuchert-Güler","SoSe26"
"49","BUS-M04-F01","Marketing 2","Saskia Kramer","SoSe26"
"50","BUS-M04-F01","Marketing 3 Blended","Marvin Vogt","SoSe26"
"51","BUS-M04-F01","Marketing 4 (Englisch)","Dr. Stefanie Dänzler","SoSe26"
"52","BUS-M04-F01","Marketing 5 (Englisch)","Dr. rer. pol. Philip Meier","SoSe26"
"53","BA-BUS-M05-F01","Externes Rechnungswesen 1","Prof. Dr. Nadja Jehle","SoSe26"
"54","BA-BUS-M05-F01","Externes Rechnungswesen 2","Rifat Idris-Barni","SoSe26"
"55","BA-BUS-M05-F01","Externes Rechnungswesen 3","Olaf-Erwin Jupitz","SoSe26"
"56","BA-BUS-M05-F01","Externes Rechnungswesen 4 Blended","Prof. Dr. Hans Lieck","SoSe26"
"57","BA-BUS-M05-F01","Externes Rechnungswesen 5 Kurs für Wiederholende","Prof. Dr. Hans Lieck","SoSe26"
"58","BUS-M05-F01","Grundlagen des externen Rechnungswesens 1","Olaf-Erwin Jupitz","SoSe26"
"59","BUS-M05-F01","Grundlagen des externen Rechnungswesens 2","Jörg Leu","SoSe26"
"60","BUS-M05-F01","Grundlagen des externen Rechnungswesens 3","Prof. Dr. Nadja Jehle","SoSe26"
"61","BUS-M05-F01","Grundlagen des externen Rechnungswesens 4 - Kurs für Wiederholer","Prof. Dr. Hans Lieck","SoSe26"
"62","BA-BUS-M06-F01","Internes Rechnungswesen 1","Prof. Dr. Frank Witte","SoSe26"
"63","BA-BUS-M06-F01","Internes Rechnungswesen 2","Prof. Dr. Frank Witte","SoSe26"
"64","BA-BUS-M06-F01","Internes Rechnungswesen 3","Heike Wolf","SoSe26"
"65","BA-BUS-M06-F01","Internes Rechnungswesen 4","Frederik Kupitz","SoSe26"
"66","BA-BUS-M06-F01","Internes Rechnungswesen 5","Prof. Dr. Axel Zernack","SoSe26"
"67","BA-BUS-M06-F01","Internes Rechnungswesen 6","Kenan Arkan","SoSe26"
"68","BA-BUS-M06-F01","Internes Rechnungswesen 7","Kenan Arkan","SoSe26"
"69","BA-BUS-M06-F01","Internes Rechnungswesen 8 Blended","Prof. Dr. B. Peter Utzig","SoSe26"
"70","BA-BUS-M06-F01","Internes Rechnungswesen 9 - Kurs für Wiederholer","Prof. Dr. Ulf Diefenbach","SoSe26"
"71","BUS-M06-F01","Grundlagen des internen Rechnungswesens/Controllings 1","Prof. Dr. Ulf Diefenbach","SoSe26"
"72","BUS-M06-F01","Grundlagen des internen Rechnungswesens/Controllings 2","Thomas Neumann","SoSe26"
"73","BUS-M06-F01","Grundlagen des internen Rechnungswesens/Controllings 3","Matthias Schubert","SoSe26"
"74","BUS-M06-F01","Grundlagen des internen Rechnungswesens/Controllings 4 Blended","Prof. Dr. B. Peter Utzig","SoSe26"
"75","BUS-M06-F01","Grundlagen des internen Rechnungswesens/Controllings 5 Abend","Anne Schlachter","SoSe26"
"76","BUS-M06-F01","Grundlagen des internen Rechnungswesens/Controllings 6 - Kurs für Wiederholer","Prof. Dr. Ulf Diefenbach","SoSe26"
"77","BA-BUS-M07-F01","Unternehmensbesteuerung 1","Mirco Schoening","SoSe26"
"78","BA-BUS-M07-F01","Unternehmensbesteuerung 2","Prof. Dr. phil. Achim Grawert","SoSe26"
"79","BA-BUS-M07-F01","Unternehmensbesteuerung 3","Daniela Wiesner","SoSe26"
"80","BA-BUS-M07-F01","Unternehmensbesteuerung 4","Dr. jur. Daniel Rüscher","SoSe26"
"81","BUS-M07-F01","Grundlagen der Unternehmensbesteuerung 1","Dr. Johannes Martens","SoSe26"
"82","BUS-M07-F01","Grundlagen der Unternehmensbesteuerung 2","Peter Zeitschel","SoSe26"
"83","BUS-M07-F01","Grundlagen der Unternehmensbesteuerung 3 Blended","Daniela Wiesner","SoSe26"
"84","BUS-M07-F01","Grundlagen der Unternehmensbesteuerung 4 Abend","Peter Zeitschel","SoSe26"
"85","BA-BUS-M08-F01","Instrumente des Controllings 1","Prof. Dr. Ulf Diefenbach","SoSe26"
"86","BA-BUS-M08-F01","Instrumente des Controllings 2","Andre Eggert","SoSe26"
"87","BA-BUS-M08-F01","Instrumente des Controllings 3","Prof. Dr. Axel Zernack","SoSe26"
"88","BA-BUS-M08-F01","Instrumente des Controllings 4","Mario Karp","SoSe26"
"89","BA-BUS-M08-F01","Instrumente des Controllings 5","Jörg Leu","SoSe26"
"90","BA-BUS-M08-F01","Instrumente des Controllings 6","Peter Merz","SoSe26"
"91","BA-BUS-M08-F01","Management Accounting and Controlling 7","Prof. Dr. Michael Faustino Bauer","SoSe26"
"92","BUS-M08-F01","Instrumente des Controllings 1","Prof. Dr. Ulf Diefenbach","SoSe26"
"93","BUS-M08-F01","Instrumente des Controllings 2 Blended","Prof. Dr. Solveig Reißig-Thust","SoSe26"
"94","BUS-M08-F01","Instrumente des Controllings 3 Abend","Dr. Christian Schneider","SoSe26"
"95","BA-BUS-M09-F01","Strategisches Management 1","Dr. Jessica Di Bella","SoSe26"
"96","BA-BUS-M09-F01","Strategisches Management 2","Dr. Khalil Dindarian","SoSe26"
"97","BA-BUS-M09-F01","Strategisches Management 3","Dr. Marco de Queiroz Gama","SoSe26"
"98","BA-BUS-M09-F01","Strategisches Management 4","Dr. Khalil Dindarian","SoSe26"
"99","BA-BUS-M09-F01","Strategisches Management 5","Dr. Manuela E. Nork-Schürger","SoSe26"
"100","BA-BUS-M09-F01","Strategic Management 6","Prof. Dr. Caroline V. Rudzinska","SoSe26"
"101","BA-BUS-M09-F01","Strategic Management 7","Ertan Gönülal","SoSe26"
"102","BUS-M09-F01","Strategisches Management 1","Dr. Marco de Queiroz Gama / Ulrich Stirn","SoSe26"
"103","BUS-M09-F01","Strategisches Management 2","Prof. Dr. Jochen Breinlinger-O'Reilly / Jörg Nielandt","SoSe26"
"104","BUS-M09-F01","Strategisches Management 3 Blended","Dr. Sebastian Block / Dr. Wolfgang Marfels","SoSe26"
"105","BUS-M09-F01","Strategic Management 4","Dr. Giorgi Shuradze","SoSe26"
"106","BA-BUS-M10-F01","Operations Management 1","Prof. Dr. Marc Rothländer","SoSe26"
"107","BA-BUS-M10-F01","Operations Management 2","Harald Pflughaupt","SoSe26"
"108","BA-BUS-M10-F01","Operations Management 3 (Englisch)","John C. Davis","SoSe26"
"109","BA-BUS-M10-F01","Operations Management 4 (Englisch)","Martin Bodo Pruy","SoSe26"
"110","BUS-M10-F01","Operations Management 1","Thomas Seidl","SoSe26"
"111","BUS-M10-F01","Operations Management 2","Prof. Dr. Eberhard Schmid","SoSe26"
"112","BUS-M10-F01","Operations Management 3 Blended","Prof. Dr. Christoph Manuel Meyer","SoSe26"
"113","BUS-M11-F01","Unternehmenssimulation und Teamentwicklung 1","Prof. Dr. Martina Eberl / Robert Dabitz","SoSe26"
"114","BUS-M11-F01","Unternehmenssimulation und Teamentwicklung 2","Prof. Dr. rer. Harald Rüggeberg / Michael Siegert","SoSe26"
"115","BUS-M11-F01","Unternehmenssimulation und Teamentwicklung 3","Prof. Dr. rer. Christian Noss / Prof. Dr. Katrin Böttcher","SoSe26"
"116","BUS-M11-F01","Unternehmenssimulation und Teamentwicklung 4","Prof. Dr. B. Peter Utzig / Prof. Dr. Frank Witte","SoSe26"
"117","BUS-M11-F01","Unternehmenssimulation und Teamentwicklung 5","Prof. Dr. Martina Eberl / Robert Dabitz","SoSe26"
"118","BUS-M11-F01","Unternehmenssimulation und Teamentwicklung 6","Prof. Dr. rer. Harald Rüggeberg / Michael Siegert","SoSe26"
"119","BUS-M11-F01","Unternehmenssimulation und Teamentwicklung 7","Prof. Dr. Thomas Wolke","SoSe26"
"120","BUS-M11-F01","Unternehmenssimulation und Teamentwicklung 8","Prof. Dr. Frank Witte / Prof. Dr. Madeleine Janke","SoSe26"
"121","BUS-M12-F01","Seminar 1 - KI & Marke(ting): Wie verändert KI die Arbeitswelt im Markenmanagement und im Marketing?","Prof. Dr. Carsten Baumgarth","SoSe26"
"122","BUS-M12-F01","Seminar 2 - Strategisches Management & Nachhaltigkeit","Prof. Dr. Caroline V. Rudzinska","SoSe26"
"123","BUS-M12-F01","Seminar 3 - Marketing","Prof. Dr. rer. Pakize Schuchert-Güler","SoSe26"
"124","BUS-M12-F01","Seminar 4 - Entrepreneurship","Prof. Dr. Birgit Felden","SoSe26"
"125","BUS-M12-F01","Seminar 5 - Empirische Finanzmarktforschung","Dr. Stefan Paulus","SoSe26"
"126","BUS-M12-F01","Seminar 6 - Nachhaltigkeit (Selbstlernkurs)","Prof. Dr. Birgit Felden","SoSe26"
"127","BUS-M12-F01","Seminar 7 - HR/Arbeitspsychologie","Prof. Dr. Barbara Beham","SoSe26"
"128","BUS-M12-F01","Seminar 8 - Ausgewählte Fragen der Wirtschaftspolitik","Prof. Dr. Andreas Polk","SoSe26"
"129","BUS-M12-F01","Seminar 9 - Academic Writing","Luis Ignacio Silva Neira","SoSe26"
"130","BUS-M19-F01","Themenfeld 1 - Mitbestimmug und Flexibilisierung von Arbeit","Prof. Dr. Christina Teipen / Prof. Dr. Monika Huesmann / Prof. Dr. Stefanie Lorenzen","SoSe26"
"131","BUS-M19-F01","Themenfeld 2 - Behavioural Finance und Financial Literacy in der privaten Finanzplanung","Natalie Packham / Dr. Stefan Paulus / Marie Schumann","SoSe26"
"132","BUS-M19-F01","Themenfeld 3 - Internationalization of economic processes - Goals, Actors and Instruments of Regulation","Prof. Dr. Christoph Dörrenbächer / Dr. Giorgos Christonakis / Dr. Michael Wortmann","SoSe26"
"133","BA-BUS-M20-F01","Mikroökonomie 1","Leonard Bovenberg","SoSe26"
"134","BA-BUS-M20-F01","Mikroökonomie 2","Esther Baumann-Kubick","SoSe26"
"135","BA-BUS-M20-F01","Mikroökonomie 3","Richard Mertens","SoSe26"
"136","BA-BUS-M20-F01","Mikroökonomie 4 - Kurs für Wiederholende","Esther Baumann-Kubick","SoSe26"
"137","BUS-M20-F01","Mikroökonomie: Allokation und Verteilung 1","Prof. Dr. Tobias Börger","SoSe26"
"138","BUS-M20-F01","Mikroökonomie: Allokation und Verteilung 2 - Kurs für Wiederholende","Esther Baumann-Kubick","SoSe26"
"139","BUS-M20-F01","Microeconomics: Allocation and Distribution 3","Prof. Dr. Jennifer Pédussel Wu","SoSe26"
"140","BA-BUS-M21-F01","Makroökonomie 1","Dr. Alexander Voegele","SoSe26"
"141","BA-BUS-M21-F01","Makroökonomie 2","Sascha Gander","SoSe26"
"142","BA-BUS-M21-F01","Makroökonomie 3","Dr. habil. Aydin Findikçi","SoSe26"
"143","BA-BUS-M21-F01","Makroökonomie 4","Robert Thomas Merk","SoSe26"
"144","BA-BUS-M21-F01","Makroökonomie 5","Robert Thomas Merk","SoSe26"
"145","BA-BUS-M21-F01","Makroökonomie 6","Thomas Neumann","SoSe26"
"146","BA-BUS-M21-F01","Macroeconomics 7","Prof. Dr. Till Strohsal","SoSe26"
"147","BUS-M21-F01","Makroökonomie: Konjunktur und Beschäftigung 1","Prof. Dr. Till Strohsal","SoSe26"
"148","BUS-M21-F01","Makroökonomie: Konjunktur und Beschäftigung 2 Abend","Sascha Gander","SoSe26"
"149","BUS-M21-F01","Macroeconomics: The Economic Cycle and Employment 3","Dr. rer. pol. Georg Man","SoSe26"
"150","BUS-M22-F01","Internationale Wirtschaft 1","Günter Senftleben","SoSe26"
"151","BUS-M22-F01","Internationale Wirtschaft 2","Dr. habil. Aydin Findikçi","SoSe26"
"152","BUS-M22-F01","Internationale Wirtschaft 3","Norbert Földi","SoSe26"
"153","BUS-M22-F01","International Economics 4","Dr. habil. Elke Muchlinski / Prof. Dr. Jennifer Pédussel Wu","SoSe26"
"154","BA-BUS-M23-F01","Recht 1 _ 1","Oliver Loock-Wagner","SoSe26"
"155","BA-BUS-M23-F01","Recht 1 _ 2","Prof. Dr. Arnold Lehmann-Richter","SoSe26"
"156","BA-BUS-M23-F01","Recht 1 _ 3","Prof. Dr. Julia Klauer","SoSe26"
"157","BUS-M23-F01","Privates Wirtschaftsrecht 1","Julia Preußer","SoSe26"
"158","BUS-M23-F01","Privates Wirtschaftsrecht 2","Nicolai Preuße","SoSe26"
"159","BUS-M23-F01","Privates Wirtschaftsrecht 3 Blended","Dr. Bernhard Dietrich","SoSe26"
"160","BUS-M24-F01","Recht im Unternehmen (Gesellschaftsrecht) 1","Prof. Dr. Andreas Donner","SoSe26"
"161","BUS-M24-F01","Recht im Unternehmen (Gesellschaftsrecht) 2 Blended","Dr. jur. Anja Herzberg","SoSe26"
"162","BUS-M24-F01","Recht im Unternehmen (Gesellschaftsrecht) 3 Abend","Denise Bruse","SoSe26"
"163","BUS-M24-F02","Recht im Unternehmen (Arbeitsrecht) 1","Prof. Dr. Andreas Donner","SoSe26"
"164","BUS-M24-F02","Recht im Unternehmen (Arbeitsrecht) 2 Abend","Helga Nielebock","SoSe26"
"165","BUS-M24-F02","Recht im Unternehmen (Arbeitsrecht) 3 Abend","Christian Groth","SoSe26"
"166","BA-BUS-M25-F01","Nachhaltige Transformation von Unternehmen und Gesellschaft 1","Prof. Dr. Markus Wissen","SoSe26"
"167","BA-BUS-M25-F01","Nachhaltige Transformation von Unternehmen und Gesellschaft 2","Lukas Meisner","SoSe26"
"168","BA-BUS-M25-F01","Sustainable Transformation of Business and Society 3","Prof. Dr. Christina Teipen","SoSe26"
"169","BA-BUS-M25-F01","Sustainable Transformation of Business and Society 4","Prof. Dr. Markus Wissen","SoSe26"
"170","BUS-M25-F01","Unternehmen, Betrieb, Arbeit","Detlef Fester","SoSe26"
"171","BUS-M26-F01","Politische Ökonomie und Sozialstruktur der modernen Gesellschaft 1","Lukas Meisner","SoSe26"
"172","BUS-M26-F01","Politische Ökonomie und Sozialstruktur der modernen Gesellschaft 2","Luis Sanz Jardon","SoSe26"
"173","BUS-M26-F01","Politische Ökonomie und Sozialstruktur der modernen Gesellschaft 3 Blended","Prof. Dr. Sigrid Betzelt","SoSe26"
"174","BUS-M26-F01","Political Economy and Social Structure of Modern Society 4","Prof. Dr. Martina Sproll","SoSe26"
"175","BA-BUS-M27-F01","Wirtschaftsmathematik 1","Mirco Schoening","SoSe26"
"176","BA-BUS-M27-F01","Wirtschaftsmathematik 2","Dr. Michael Schlegel","SoSe26"
"177","BA-BUS-M27-F01","Wirtschaftsmathematik 3","Dr. Domenico Schneider","SoSe26"
"178","BA-BUS-M27-F01","Wirtschaftsmathematik 4","Andreas Stotland","SoSe26"
"179","BA-BUS-M27-F01","Wirtschaftsmathematik 5 Blended","Kai Klotz","SoSe26"
"180","BA-BUS-M27-F01","Wirtschaftsmathematik 6 - Ferienkurs Blended","Prof. Dr. Maria Osipenko","SoSe26"
"181","AC-Mathe-BK","Wirtschaftsmathematischer Brückenkurs im Semester 1","Mahkameh Komasi","SoSe26"
"182","AC-Mathe-BK","Wirtschaftsmathematischer Brückenkurs im Semester 2","Martin Büttner","SoSe26"
"183","BUS-M27-F01","Wirtschaftsmathematik 1","Mahkameh Komasi","SoSe26"
"184","BUS-M27-F01","Wirtschaftsmathematik 2 - Kurs für Wiederholende","Prof. Dr. Ulrike C. Nikutta-Wasmuht","SoSe26"
"185","BA-BUS-M28-F01","Statistik 1","Christine Krüger","SoSe26"
"186","BA-BUS-M28-F01","Statistik 2","Prof. Dr. Edin Basic","SoSe26"
"187","BA-BUS-M28-F01","Statistik 3","Prof. Dr. Andreas Polk","SoSe26"
"188","BA-BUS-M28-F01","Statistik 4","Prof. Dr. rer. nat. Susanne Hannappel","SoSe26"
"189","BA-BUS-M28-F01","Statistik 5","Prof. Dr. Thomas Knispel","SoSe26"
"190","BA-BUS-M28-F01","Statistik 6 Blended","Ulrike Flemming","SoSe26"
"191","BUS-M28-F01","Statistik 1 - Kurs für Wiederholende","Prof. Dr. Andreas Polk","SoSe26"
"192","BUS-M28-F01","Statistik 2 Abend","Musa Tanriver","SoSe26"
"193","BA-BUS-M29-F01","Wirtschaftsinformatik 1 _ 1","Dr. Salim Chujfi La Roche","SoSe26"
"194","BA-BUS-M29-F01","Wirtschaftsinformatik 1 _ 2","Dr. Albrecht Heinrici","SoSe26"
"195","BA-BUS-M29-F01","Wirtschaftsinformatik 1 _ 3","Dr. Salim Chujfi La Roche","SoSe26"
"196","BA-BUS-M29-F01","Wirtschaftsinformatik 1 _ 4 Blended","Dr. Marie Glasemann","SoSe26"
"197","BUS-M29-F01","Grundlagen der Wirtschaftsinformatik Abend","Randy Witte","SoSe26"
"198","AC-Mathe-VK","Wirtschaftsmathematischer Vorkurs (Vor Semesterstart) 1","Martin Büttner","SoSe26"
"199","AC-Mathe-VK","Wirtschaftsmathematischer Vorkurs (Vor Semesterstart) 2","Frederik Freckmann","SoSe26"
"200","Spanisch-F02","Wirtschaftsspanisch A 2 __1","Paula María Ulloa Martínez","SoSe26"
"201","Spanisch-F02","Wirtschaftsspanisch A 2 __2","Carmen Perez Gauli","SoSe26"
"202","Spanisch-F03","Wirtschaftsspanisch B 1.1","Carmen Perez Gauli","SoSe26"
"203","Spanisch-F04","Wirtschaftsspanisch B 1.2","Priscila Munoz","SoSe26"
"204","Spanisch-F05","Wirtschaftsspanisch B 2.1","Carmen Gomez Aparicio","SoSe26"
"205","BA-BUS-M30-F01","Wirtschaftsinformatik 2 _ 1","Prof. Dr. rer. Heike Wiesner","SoSe26"
"206","BA-BUS-M30-F01","Wirtschaftsinformatik 2 _ 2","Michael Sost","SoSe26"
"207","BA-BUS-M30-F01","Wirtschaftsinformatik 2 _ 3","Michael Sost","SoSe26"
"208","BA-BUS-M30-F01","Wirtschaftsinformatik 2 _ 4","Dr. Herbert Goestl","SoSe26"
"209","BA-BUS-M30-F01","Wirtschaftsinformatik 2 _ 5","Michael Sost","SoSe26"
"210","BA-BUS-M30-F01","Wirtschaftsinformatik 2 _ 6","Thomas Schwier","SoSe26"
"211","Spanisch-F06","Wirtschaftsspanisch B 2.2","Andrea Blanco","SoSe26"
"212","Franz-F03","Wirtschaftsfranzösisch B 1.1","Yann-Nicolas Martial","SoSe26"
"213","BUS-M30-F01","Betriebliche Informationssysteme 1 Abend","Randy Witte","SoSe26"
"214","BUS-M30-F01","Betriebliche Informationssysteme 2 Blended","Prof. Dr. Fatoumata Camara","SoSe26"
"215","Franz-F04","Wirtschaftsfranzösisch B 1.2","Floran Bayle","SoSe26"
"216","Franz-F05","Wirtschaftsfranzösisch B 2.1","Nadia Zeltzer-Domning","SoSe26"
"217","Franz-F06","Wirtschaftsfranzösisch B 2.2","Andrea Blanco","SoSe26"
"218","BUS-M39-F01","Praxisseminar 1","Prof. Dr. Ewa Ostaszewska","SoSe26"
"219","BUS-M39-F01","Praxisseminar 2","Prof. Dr. Ewa Ostaszewska","SoSe26"
"220","BUS-M39-F01","Praxisseminar 3","Prof. Dr. Dirk-Mario Boltz","SoSe26"
"221","BUS-M39-F01","Praxisseminar 4","Prof. Dr. Axel Zernack","SoSe26"
"222","BUS-M39-F01","Praxisseminar 5","Prof. Dr. Andrea Rumler","SoSe26"
"223","BUS-M39-F01","Praxisseminar 6","Prof. Dr. Carsten Baumgarth","SoSe26"
"224","BUS-M39-F01","Praxisseminar 7","Dr. Wolfgang Marfels","SoSe26"
"225","Deutsch-F01","Wirtschaftsdeutsch A 1.1","Mozhgan Kruse","SoSe26"
"226","Deutsch-F02","Wirtschaftsdeutsch A 1.2 __ 1","Heike Bossmann","SoSe26"
"227","Deutsch-F02","Wirtschaftsdeutsch A 1.2 __ 2","Mozhgan Kruse","SoSe26"
"228","Deutsch-F03","Wirtschaftsdeutsch A 2.1 __ 1","Susanne Vieten-Wagner","SoSe26"
"229","Deutsch-F03","Wirtschaftsdeutsch A 2.1 __ 2","Dr. Anna Balaganina","SoSe26"
"230","Deutsch-F04","Wirtschaftsdeutsch A 2.2","Brigitte Hochberg-Köhler","SoSe26"
"231","Deutsch-F05","Wirtschaftsdeutsch B 1.1","Anemone Horn","SoSe26"
"232","Deutsch-F06","Wirtschaftsdeutsch B 1.2","Dr. Souad Bensalah-Mekkes","SoSe26"
"233","Deutsch-F07","Wirtschaftsdeutsch B 2.1","Lela-Rose Engler","SoSe26"
"234","Deutsch-F08","Wirtschaftsdeutsch B 2.2","Christine Belakhdar","SoSe26"
"235","Deutsch-F09","Wirtschaftsdeutsch C 1","Lela-Rose Engler","SoSe26"
"236","BA-BUS-M40-F01","Entrepreneurial Project 1 - entfällt","","SoSe26"
"237","BA-BUS-M40-F01","Entrepreneurial Project 2","Marlene Fröhlich","SoSe26"
"238","BA-BUS-M40-F01","Entrepreneurial Project 3","Sebastian Schäfer","SoSe26"
"239","BA-BUS-M40-F01","Entrepreneurial Project 4","Falko Carl","SoSe26"
"240","BA-BUS-M40-F01","Entrepreneurial Project 5","Prof. Dr. rer. Sven Ripsas / Nora Revermann","SoSe26"
"241","BA-BUS-M40-F01","Entrepreneurial Project 6","Christian Klang","SoSe26"
"242","BA-BUS-M40-F01","Entrepreneurial Project 7","Christian Tegge","SoSe26"
"243","BA-BUS-M40-F01","Entrepreneurial Project 8","Franziska Bammert","SoSe26"
"244","BA-BUS-M40-F01","Entrepreneurial Project 9","Sohrab Mohammad","SoSe26"
"245","BA-BUS-M40-F01","Entrepreneurial Project 10","Samir Roshandel","SoSe26"
"246","BA-BUS-M40-F01","Entrepreneurial Project 11","Patrick Stähler","SoSe26"
"247","BA-BUS-M40-F01","Entrepreneurial Project 12","Rafael Kugel","SoSe26"
"248","BA-BUS-M40-F01","Entrepreneurial Project 13","Anett Lommatzsch","SoSe26"
"249","BA-BUS-M40-F01","Entrepreneurial Project 14","Sarah Ben Bernou","SoSe26"
"250","MPE-M01-F22","Feminist Economics","Judith Waltl","SoSe26"
"251","UntRe-M11-F01","Forschungsmethodisches Seminar","Prof. Dr. Stefanie Lorenzen","SoSe26"
"252","POLEI-M11-F01","Research Seminar","Prof. Dr. Sigrid Betzelt","SoSe26"
"253","MM-M10-F01","Tutorial Seminar II","Prof. Dr. Henning Kreis","SoSe26"
"254","MM-M06-F01","Marketing Project and Project Management","Prof. Dr. Andrea Rumler","SoSe26"
"255","MM-M07-F01","Marketing Analytics","Prof. Dr. Tobias Naujoks","SoSe26"
"256","MM-M11-F01","Research Seminar","Prof. Dr. Henning Kreis","SoSe26"
"257","EcoPol-F08","Modelling in Ecological Economics","Moritz Marpe","SoSe26"
"258","EcoPol-F09","Labour and Ecology","Prof. Dr. Markus Wissen","SoSe26"
"259","MA-Eco-M11-F01","Research Seminar","Prof. Dr. Eckhard Hein","SoSe26"
"260","IMM-M08-F02","International Marketing Project","Prof. Dr. Dirk-Mario Boltz","SoSe26"
"261","IMM-M09-F04","Current Issues: Data-driven Marketing","Prof. Dr. Tobias Naujoks","SoSe26"
"262","IMM-M10-F02","Tutorial Seminar II","Prof. Dr. Sonja Klose","SoSe26"
"263","IMM-M11-F02","Research Seminar","Prof. Dr. Sonja Klose","SoSe26"
"264","IMM-M06-F04","Digital Marketing","Prof. Dr. Sonja Klose","SoSe26"
"265","IMM-M06-F06","Marketing and Innovation for Impact-Driven and Sustainable Businesses","Christian Schlimok / Luzius Rüedi / Bastian von Lehsten","SoSe26"
"266","IBCON-M11-F01","Research Seminar","Prof. Dr. Barbara Beham / Prof. Dr. Christoph Dörrenbächer","SoSe26"
"267","GSCOM-M11-F01","Research Seminar","Prof. Dr. Dmitry Ivanov","SoSe26"
"268","FACT-M08-F02","Besteuerung grenzüberschreitender Transaktionen","Prof. Dr. Wojciech Stiller","SoSe26"
"269","FACT-M23-F01","Forschungsmethodisches Seminar","Prof. Dr. Agnes Aschfalk-Evertz / Prof. Dr. Wojciech Stiller","SoSe26"
"270","BIPM-M11-F01","Research Seminar","Prof. Dr. Alexander Eck","SoSe26"
"271","BA-ISUM-M11-F01...","Sustainable Operations Management II","Prof. Dr. Eberhard Schmid","SoSe26"
"272","BA-ISUM-M14-F01...","Integrated Sustainability Reporting","Prof. Dr. Annett Baumast","SoSe26"
"273","BA-ISUM-M17-F01...","Statistics & Applications in Data Science","Prof. Dr. Maria Osipenko / Fanqi Meng","SoSe26"
"274","BA-ISUM-M22-F01...","Entrepreneurial Project III","Prof. Dr. Barbara Beham / Prof. Dr. rer. Sven Ripsas / Sylvia Krepska","SoSe26"
"275","BA-ISUM-M24-F01...","Storytelling for Business & Business Ethics","Prof. Dr. Katja Andresen / Jonny Bix Bongers","SoSe26"
"276","BA-ISUM-M09-F01...","Sustainability Marketing","Julia Hüller","SoSe26"
"277","BA-ISUM-M23-F01...","Academic Writing & Managing Complexity 1","Martin Castro / Prof. Dr. Tobias Braun","SoSe26"
"278","BA-ISUM-M21-F04...","Entrepreneurial Project II","Dr. Yana Heussen / Maximilian Mauracher","SoSe26"
"279","BA-ISUM-M23-F01...","Academic Writing & Managing Complexity 2","Dr. Katharina Maak-Castro / Prof. Dr. Tobias Braun","SoSe26"
"280","BA-IDB-M09-F01","Digital Performance Management","Prof. Dr. Michael Faustino Bauer","SoSe26"
"281","BA-IDB-M14-F01","Digital Literacy IV: Software Architectures","Pallabi Mukherjee","SoSe26"
"282","BA-IDB-M17-F01","Statistics & Applications in Data Science","Prof. Dr. Maria Osipenko / Fanqi Meng","SoSe26"
"283","BA-IDB-M22-F01","Entrepreneurial Project III","Prof. Dr. Christoph Dörrenbächer / Rafael Kugel / Samir Roshandel","SoSe26"
"284","BA-IDB-M24-F01","Storytelling for Business & Business and Data Ethics","Prof. Dr. Katja Andresen / Jonny Bix Bongers","SoSe26"
"285","BA-IDB-M08-F01","Digital Marketing","Manuel Martinez Estrada","SoSe26"
"286","BA-IDB-M11-F01","Digital Literacy I: Coding","Prof. Dr. Markus Löcher","SoSe26"
"287","BA-IDB-M21-F04","Entrepreneurial Project II","Prof. Dr. Fatoumata Camara / Dr. Yana Heussen","SoSe26"
"288","BA-IDB-M23-F03","Academic Writing & Managing Complexity 1","Prof. Dr. Tobias Braun / Selen Soysal-Kazanç","SoSe26"
"289","BA-IDB-M23-F03","Academic Writing & Managing Complexity 2","Prof. Dr. Tobias Braun / Christina Druffel","SoSe26"
"290","BA-BUS-MSQ-F01","Selbstmanagement 1","Jacqueline Grassmé-Grave","SoSe26"
"291","BA-BUS-MSQ-F02","Kommunikation und Präsentation 1","Monika Kaiser","SoSe26"
"292","BA-BUS-MSQ-F04","Tabellenkalkulation für Entscheidungen in der Wirtschaft (Excel)","Prof. Dr. Michael Faustino Bauer","SoSe26"
"293","BA-BUS-MSQ-F05","Gesprächsführung","Petra Fléing","SoSe26"
"294","BA-BUS-MSQ-F06","Interkulturelle Kompetenz","Dr. Martina Heike Schubert / Dr. Gregor Wittke","SoSe26"
"295","BA-BUS-MSQ-F08","Design Thinking","Melissa Zaske","SoSe26"
"296","BA-BUS-MSQ-F12","Generative AI","Christian Klang","SoSe26"
"297","BA-BUS-MSP-F06","Business English B1: Compact Refresher","Mariana Aguilar Ramírez","SoSe26"
"298","BA-BUS-MSP-F02","Business English and Communication B1+","Mariana Aguilar Ramírez","SoSe26"
"299","BA-BUS-MSP-F03","Business English and Communication B2 __1","Dr. phil. Elena Polyakova","SoSe26"
"300","BA-BUS-MSP-F03","Business English and Communication B2 __ 2","Giles Shephard","SoSe26"
"301","BA-BUS-MSP-F03","Business English and Communication B2 __ 3 Blended - Gruppe entfällt","","SoSe26"
"302","BA-BUS-MSP-F04","Business English and Communication B2+ __ 1","Dr. phil. Elena Polyakova","SoSe26"
"303","BA-BUS-MSP-F04","Business English and Communication B2+ __ 2","Ellen Klein","SoSe26"
"304","BA-BUS-MSP-F05","Business English and Communication C1 __ 1","Krzysztof Debicki","SoSe26"
"305","BA-BUS-MSP-F05","Business English and Communication C1 __ 2","Mariana Aguilar Ramírez","SoSe26"
"306","BA-BUS-MSP-F05","Business English and Communication C1 __ 3","Nisha Becker","SoSe26"
"307","BUS-MSP-F03","Business English B 2.1, Part 1 __ 1","John M. Gordon","SoSe26"
"308","BUS-MSP-F03","Business English B 2.1, Part 1 __ 2 Abend","Michael David","SoSe26"
"309","BUS-MSP-F04","Business English B 2.1, Part 2 __ 1","Isabel Vinda","SoSe26"
"310","BUS-MSP-F04","Business English B 2.1, Part 2 __ 2","Krzysztof Debicki","SoSe26"
"311","BUS-MSP-F05","Business English B 2.2, Part 1 __ 1","Peter Sedy","SoSe26"
"312","BUS-MSP-F05","Business English B 2.2, Part 1 __ 2 Abend","Michael David","SoSe26"
"313","BUS-MSP-F06","Business English B 2.2, Part 2 __ 1","Nisha Becker","SoSe26"
"314","BUS-MSP-F06","Business English B 2.2, Part 2 __ 2 entfällt","","SoSe26"
"315","BUS-MSP-F06","Business English B 2.2, Part 2 __ 3","Giles Shephard","SoSe26"
"316","BUS-MSP-F07","Business English C 1.1, Part 1 __ 1","Aleksandar Zivkovic","SoSe26"
"317","BUS-MSP-F07","Business English C 1.1, Part 1 __ 2","Alex Storonkin","SoSe26"
"318","BUS-MSP-F08","Business English C 1.1, Part 2 __ 1 entfällt","","SoSe26"
"319","BUS-MSP-F08","Business English C 1.1, Part 2 __ 2","Alex Storonkin","SoSe26"
"320","BUS-MSP-F09","Business English C 1.2, Part 1 __ 1","Kenneth Rossiter","SoSe26"
"321","BUS-MSP-F09","Business English C 1.2, Part 1 __ 2","Sandra Baker","SoSe26"
"322","BUS-MSP-F10","Business English C 1.2, Part 2 __ 1","Krzysztof Debicki","SoSe26"
"323","BUS-MSP-F10","Business English C 1.2, Part 2 __ 2","Sandra Baker","SoSe26"
"324","CAF-MBS-F01","Internationale Unternehmensbesteuerung","Prof. Dr. Wojciech Stiller","SoSe26"
"325","CAF-MFin-F01","Finanzierungs- und Investitionspolitik der Unternehmen 1","Dr. Stefan Paulus","SoSe26"
"326","CAF-MFin-F01","Finanzierungs- und Investitionspolitik der Unternehmen 2 Blended","Dr. Stefan Paulus","SoSe26"
"327","CAF-MFin-F01","Corporate Finance 3","Prof. Dr. Martin Uzik","SoSe26"
"328","CAF-MFin-F02","Finanzwirtschaftliche Analyse und Bewertung 1","Prof. Dr. Martin Uzik","SoSe26"
"329","CAF-MFin-F02","Financial Analysis and Valuation 2","Prof. Dr. Martin Uzik","SoSe26"
"330","CAF-MFin-F03","Finanzwirtschaft der Kapitalmärkte 1 Blended","Prof. Dr. André Tomfort","SoSe26"
"331","CAF-MFin-F03","Capital Markets 2","Prof. Dr. André Tomfort","SoSe26"
"332","CAF-MFin-F06","Quantitative and Computational Finance","Natalie Packham","SoSe26"
"333","CAF-MM-F01","Produkt- und Vertriebsmanagement 1","Sascha Thieme","SoSe26"
"334","CAF-MM-F01","Produkt- und Vertriebsmanagement 2 Blended","Sascha Thieme","SoSe26"
"335","CAF-MM-F01","Product and Distribution Managment 3","Dr. Ernestine Siebert","SoSe26"
"336","CAF-MM-F02","Marktforschung 1","Prof. Dr. Carsten Baumgarth","SoSe26"
"337","CAF-MM-F02","Market Research 2","Prof. Dr. Joachim Scholz-Ligma","SoSe26"
"338","CAF-MM-F02","Market Research 3","Prof. Dr. Joachim Scholz-Ligma","SoSe26"
"339","CAF-MM-F03","Kommunikation und Käuferverhalten 1","Prof. Dr. Dirk-Mario Boltz","SoSe26"
"340","CAF-MM-F03","Kommunikation und Käuferverhalten 2 Blended","Simone Krüger","SoSe26"
"341","CAF-MM-F03","Communication Strategies and Consumer Behaviour 3","Dr. Silke Knoll","SoSe26"
"342","CAF-MM-F05","Digital Strategies for Public Communication, Social Media and Marketing","Marion Blacher-Schwake","SoSe26"
"343","CAF-MM-F08","Diversity in Consumer Research","Dr. Silke Knoll","SoSe26"
"344","CAF-MM-F09","Online Marketing","Prof. Dr. Sonja Klose","SoSe26"
"345","CAF-MPO-F01","Personalmanagement 1","Prof. Dr. Monika Huesmann","SoSe26"
"346","CAF-MPO-F01","Personalmanagement 2","Dr. Mona Mylius","SoSe26"
"347","CAF-MPO-F01","Personalmanagement 3 Blended","Dr. Katharina Harsch","SoSe26"
"348","CAF-MPO-F01","Human Resource Management 4","Dr. Martina Heike Schubert","SoSe26"
"349","CAF-MPO-F02","Organisationsgestaltung 1","Dr. Katharina Harsch","SoSe26"
"350","CAF-MPO-F02","Organisationsgestaltung 2 Blended","Dr. Andreas Wieg","SoSe26"
"351","CAF-MPO-F02","Organizational Design 3","Dr. Michael Graffius","SoSe26"
"352","CAF-MPO-F03","Rechtliche Aspekte von Personal und Organisation","Prof. Dr. Reingard Zimmer","SoSe26"
"353","CAF-MPO-F05","Führung und Teamarbeit in hybriden Arbeitsumgebungen 1","Prof. Dr. Christine Gockel","SoSe26"
"354","CAF-MPO-F06","Management Consulting","Prof. Dr. Matthias Tomenendal","SoSe26"
"355","CAF-MRE-F01","Bilanzierung und Recht der Rechnungslegung 1","Prof. Dr. Nadja Jehle","SoSe26"
"356","CAF-MRE-F01","Bilanzierung und Recht der Rechnungslegung 2 Blended","Prof. Dr. Hans Lieck","SoSe26"
"357","CAF-MRE-F02","Internationale Rechnungslegung 1- Blended","Prof. Dr. Madeleine Janke","SoSe26"
"358","CAF-MRE-F03","Konzernrechnungslegung / Konzerncontrolling","Prof. Dr. Madeleine Janke","SoSe26"
"359","EcoPol-F06","The Politics of Social Cohesion in Europe","Prof. Dr. Martina Sproll","SoSe26"
"360","CAF-MSCOM-F01","Beschaffungs- und Produktionsmanagement 1 Blended","Prof. Dr. Marc Rothländer","SoSe26"
"361","CAF-MSCOM-F01","Production and Supply Management 2","Prof. Dr. Alexander Tsipoulanidis","SoSe26"
"362","CAF-MSCOM-F02","Distributions- und Transportmanagement 1 Blended","Prof. Dr. Marc Rothländer","SoSe26"
"363","CAF-MSCOM-F02","Distribution and Transportation Management 2","Prof. Dr. Eberhard Schmid","SoSe26"
"364","CAF-MSCOM-F03","Supply Chain Management und Informationssysteme","Prof. Dr. Christoph Manuel Meyer","SoSe26"
"365","CAF-MSCOM-F06","Operations Technology and Methods","Prof. Dr. Alexander Tsipoulanidis","SoSe26"
"366","QS-M01-F01","Introduction to Time Series Analysis","Prof. Dr. Till Strohsal","SoSe26"
"367","QS-M01-F04","Platforms and Digital Business Ecosystems","Prof. Dr. Sabine Baumann / Tjark-Marvin Göllner","SoSe26"
"368","QS-M01-F05","International Management","Prof. Dr. Ewa Ostaszewska","SoSe26"
"369","IBMAN-MI-F01","Management Issues: Strategy and Innovation","Prof. Dr. Caroline V. Rudzinska","SoSe26"
"370","IBMAN-M32-F01","Communication and Interaction in a Professional Context 1","Martin Castro","SoSe26"
"371","IBMAN-M42-F01","Research Methodology","Prof. Dr. Christoph Dörrenbächer","SoSe26"
"372","IBMAN-M41-F01","Supervision","Prof. Dr. Katrin Böttcher","SoSe26"
"373","IBMAN-M10-F01","Business Simulation 1","Prof. Dr. Agnes Aschfalk-Evertz / Prof. Dr. oec. Thomas Gruber","SoSe26"
"374","IBMAN-M34-F01","History, Politics and Economics of the Host Country 1","Dr. Susanne Dittberner","SoSe26"
"375","IBMAN-M33-F01","Intercultural Communication 1","Dr. Katharina Maak-Castro / Martin Castro","SoSe26"
"376","IBMAN-M22-F01","International Economics","Dr. habil. Elke Muchlinski / Prof. Dr. Jennifer Pédussel Wu","SoSe26"
"377","IBMAN-M07-F01","Strategic Management","Prof. Dr. Mario Glowik","SoSe26"
"378","IBMAN-M23-F01","Fundamentals of Business Law","Prof. Dr. Torsten Straub","SoSe26"
"379","IBMAN-M03-F01","Marketing","Prof. Dr. Andrea Rumler","SoSe26"
"380","IBMAN-M11-F01","Operations Management","Prof. Dr. Alexander Tsipoulanidis","SoSe26"
"381","IBMAN-M27-F01","Statistics","Prof. Dr. Frank Brand","SoSe26"
"382","IBMAN-M25-F01","Work, Business and Society","Nikos Markogiannakis","SoSe26"
"383","IBMAN-M08-F01","International Management 1","Prof. Dr. Christoph Dörrenbächer","SoSe26"
"384","IBMAN-M06-F01","Management Accounting and Controlling","Prof. Dr. Michael Faustino Bauer","SoSe26"
"385","IBMAN-M09-F01","Organisational Behaviour in International Companies 1","Prof. Dr. Barbara Beham","SoSe26"
"386","IBMAN-M12-F01","Corporate Environmental Management","Prof. Dr. Annett Baumast","SoSe26"
"387","IBMAN-M29-F01","Business Applications","Prof. Dr. Fatoumata Camara","SoSe26"
"388","IBMAN-M05-F01","Principles of Managerial Accounting","Prof. Dr. oec. Thomas Gruber","SoSe26"
"389","IBMAN-M21-F01","Macroeconomics: The Economic Cycle and Employment","Prof. Dr. Till Strohsal","SoSe26"
"390","IBMAN-M24-F01","Regional Studies 1","Prof. Dr. José Magone","SoSe26"
"391","IBMAN-M02-F01","Principles of Corporate Finance","Prof. Dr. Marc Crummenerl","SoSe26"
"392","IBMAN-M30-F01","Introduction to the Study Programme and the Academic Environment","Prof. Dr. Mario Glowik","SoSe26"
"393","IBMAN-M31-F01","Self Management 1","Daisy Krüger","SoSe26"
"394","IBMAN-M04-F01","Principles of Financial Accounting","Alexander Westphal","SoSe26"
"395","IBMAN-M01-F01","Human Resources and Organisation","John C. Davis","SoSe26"
"396","IBMAN-M26-F01","Mathematics for Business and Economics","Sourav Adhikari","SoSe26"
"397","IBMAN-M20-F01","Microeconomics: Allocation and Distribution","Prof. Dr. Jennifer Pédussel Wu","SoSe26"
"398","IBMAN-M28-F01","Digital Business","Dr. Salim Chujfi La Roche","SoSe26"
"399","IBMAN-M08-F01","International Management 2","Prof. Dr. Ewa Ostaszewska","SoSe26"
"400","IBMAN-M09-F01","Organisational Behaviour in International Companies 2","Dr. Jessica Di Bella","SoSe26"
"401","IBMAN-M10-F01","Business Simulation 2","Prof. Dr. rer. Sabine Haller / Prof. Dr. Tobias Braun","SoSe26"
"402","IBMAN-M24-F01","Regional Studies 2","Prof. Dr. José Magone","SoSe26"
"403","IBMAN-M31-F01","Self Management 2","Daisy Krüger","SoSe26"
"404","IBMAN-M32-F01","Communication and Interaction in a Professional Context 2","Rami Abo Zarad","SoSe26"
"405","IBMAN-M33-F01","Intercultural Communication 2","Rami Abo Zarad","SoSe26"
"406","IBMAN-M34-F01","History, Politics and Economics of the Host Country 2","Jörg Nielandt","SoSe26"
"407","WiRecht-M39-F02...","English for Business Law: Common Law Cases","Prof. Dr. Torsten Straub","SoSe26"
"408","WiRecht-M39-F01...","English for Business Law: English Legal System","Prof. Dr. Torsten Straub","SoSe26"
"409","WiRecht-M09-F01...","Vertiefung Zivilrecht","Prof. Dr. Sebastian Schunke","SoSe26"
"410","WiRecht-M41-F01...","Praxisseminar","Prof. Dr. Sebastian Schunke","SoSe26"
"411","WiRecht-M06-F02...","Recht im Unternehmen (Gesellschaftsrecht I)","Julia Preußer","SoSe26"
"412","WiRecht-M06-F01...","Recht im Unternehmen (Arbeitsrecht I)","Prof. Dr. Reingard Zimmer","SoSe26"
"413","WiRecht-M04-F01...","Zivilrecht III","Prof. Dr. Sebastian Schunke","SoSe26"
"414","WiRecht-M05-F01...","Zivilrecht IV","Prof. Dr. Arnold Lehmann-Richter","SoSe26"
"415","WiRecht-M12-F01...","Wirtschaftsstrafrecht","Alexander Sättele","SoSe26"
"416","WiRecht-M23-F01...","Bank- und Kreditsicherungsrecht","Prof. Dr. Julia Klauer","SoSe26"
"417","WiRecht-M08-F01...","Gesellschaftsrecht II","Julia Preußer","SoSe26"
"418","WiRecht-M21-F01...","Europäisches Wirtschaftsrecht","Prof. Dr. Torsten Straub","SoSe26"
"419","WiRecht-M07-F01...","Arbeitsrecht II","Prof. Dr. Stefanie Lorenzen","SoSe26"
"420","Wi-Inf-M16-F01","Recht der digitalen Wirtschaft","Dr. Michael Funke","SoSe26"
"421","WiRecht-M24-F01...","Praktische Anwendungen des Wirtschaftsrechts","Prof. Dr. Torsten Straub","SoSe26"
"422","WiRecht-M03-F01...","Zivilrecht II","Prof. Dr. Arnold Lehmann-Richter","SoSe26"
"423","WiRecht-M35-F01...","Statistik","Dr. Michael Schlegel","SoSe26"
"424","WiRecht-M11-F02...","Öffentliches Wirtschaftsrecht","Prof. Dr. Johannes Schäffer / Nina Tippmann","SoSe26"
"425","WiRecht-M01-F01...","Einführung in das Studium","Prof. Dr. Sebastian Schunke","SoSe26"
"426","WiRecht-M34-F01...","Volkswirtschaftliche Rahmenbedingungen","Dr. Sylvi Rzepka","SoSe26"
"427","WiRecht-M02-F01...","Zivilrecht I","Julia Preußer","SoSe26"
"428","BA-WiIng-M32-F0...","Projektmanagement und Fallstudien","Frank Hinrichs / Charlotte Ritter","SoSe26"
"429","BA-WiIng-M33-F0...","Unternehmenssimulation mit Teamentwicklung und Supervision 1","Prof. Dr. rer. Christian Noss / Susanne Schubert","SoSe26"
"430","BA-WiIng-M34-F0...","Strategische Finanzplanung und Bewertung","Prof. Dr. Frank Witte","SoSe26"
"431","BA-WiIng-M36-F0...","Nachhaltiges Operations Management II","Prof. Dr. Eberhard Schmid","SoSe26"
"432","BA-WiIng-M37-F0...","Analyse unternehmerischer Nachhaltigkeit","Prof. Dr. Annett Baumast","SoSe26"
"433","BA-WiIng-M21-F0...","Statistik","Dr. Hartmut Bauer","SoSe26"
"434","BA-WiIng-M22-F0...","Investition und Finanzierung","Prof. Dr. Axel Hellmann","SoSe26"
"435","BA-WiIng-M07-F0...","Business English II","Sandra Baker","SoSe26"
"436","BA-WiIng-M07-F0...","Business English III","Sandra Baker","SoSe26"
"437","BA-WiIng-M08-F0...","Einführung in die Umweltökonomie und nachhaltige Entwicklung","Gerrit von Jorck","SoSe26"
"438","BA-WiIng-M09-F0...","Marketing","Prof. Dr. rer. Harald Rüggeberg","SoSe26"
"439","BA-WiIng-M33-F0...","Unternehmenssimulation mit Teamentwicklung und Supervision 2","Robert Dabitz / Sandra Fanroth","SoSe26"
"440","Wi-Inf-M12-F01","Sicherheit in der Informationstechnologie","Prof. Dr. Katja Andresen","SoSe26"
"441","Wi-Inf-M37-F01","Praxisseminar","Prof. Dr. rer. Heike Wiesner","SoSe26"
"442","Wi-Inf-M17-F01","Unternehmenssoftware für KMU","Corinna Friebel-Fohrholz","SoSe26"
"443","Wi-Inf-M14-F01","IT Governance und IT Service Management","Prof. Dr. Sven Pohland","SoSe26"
"444","Wi-Inf-M10-F01","Projekt Software Engineering","Prof. Dr. rer. Heike Wiesner","SoSe26"
"445","Wi-Inf-M28-F01","Volkswirtschaftliche Rahmenbedingungen","Dr. Heinrich Jess","SoSe26"
"446","Wi-Inf-M04-F01","Datenbanken","Prof. Dr. Markus Schaal","SoSe26"
"447","Wi-Inf-M31-F01","Statistik","Prof. Dr. rer. nat. Susanne Hannappel","SoSe26"
"448","Wi-Inf-M08-F01","App Entwicklung mit Android","Holger Zimmermann","SoSe26"
"449","Wi-Inf-M11-F01","Unternehmensmodellierung","Prof. Dr. Frank Habermann","SoSe26"
"450","Wi-Inf-M15-F01","Aktuelle Fragen der Wirtschaftsinformatik","Prof. Dr. Alexander Eck","SoSe26"
"451","Wi-Inf-M18-F01","E-Business und digitale Geschäftsmodelle","Andreas Gäbler","SoSe26"
"452","Wi-Inf-M35-F01","Projektmanagement","Prof. Dr. Sven Pohland","SoSe26"
"453","Wi-Inf-M13-F01","Informations- und Kommunikationsmanagement 1","Ertan Gönülal","SoSe26"
"454","Wi-Inf-M09-F02","Full-Stack Web Development","Prof. Dr. Alexander Eck","SoSe26"
"455","Wi-Inf-M19-F02","Introduction to Data Analytics","Khanh Le Nguyen","SoSe26"
"456","Wi-Inf-M33-F01","English 2- English for Information Technology Part 2 __ 1","Aleksandar Zivkovic","SoSe26"
"457","Wi-Inf-M03-F01","Betriebliche Informationssysteme","Prof. Dr. Katja Andresen","SoSe26"
"458","Wi-Inf-M06-F01","Objektorientierte Programmierung II_1","Prof. Dr. Markus Schaal","SoSe26"
"459","Wi-Inf-M01-F01","Einführung in das Studium der Wirtschaftsinformatik 1","Prof. Dr. Katja Andresen","SoSe26"
"460","Wi-Inf-M32-F01","English 1- English for Information Technology Part 1 __ 1","Aleksandar Zivkovic","SoSe26"
"461","Wi-Inf-M27-F01","Sozialwissenschaftliche Aspekte der Informations- und Wissensgesellschaft","Prof. Dr. rer. Heike Wiesner","SoSe26"
"462","Wi-Inf-M05-F01","Objektorientierte Programmierung I_1","Prof. Dr. Diana Hristova","SoSe26"
"463","Wi-Inf-M02-F01","Grundlagen der Wirtschaftsinformatik 1","Randy Witte","SoSe26"
"464","Wi-Inf-M01-F01","Einführung in das Studium der Wirtschaftsinformatik 2","Thomas Schwier","SoSe26"
"465","Wi-Inf-M02-F01","Grundlagen der Wirtschaftsinformatik 2","Leonie Scholl","SoSe26"
"466","Wi-Inf-M05-F01","Objektorientierte Programmierung I_2","Prof. Dr. Diana Hristova","SoSe26"
"467","Wi-Inf-M06-F01","Objektorientierte Programmierung II_2","Prof. Dr. Alexander Eck","SoSe26"
"468","Wi-Inf-M32-F01","English 1- English for Information Technology Part 1 __ 2","Aleksandar Zivkovic","SoSe26"
"469","Wi-Inf-M33-F01","English 2- English for Information Technology Part 2 __ 2","Alan McElroy","SoSe26"
"470","Wi-Inf-M20-F01","Optimisation and Simulation","Prof. Dr. Frank Brand","SoSe26"
"471","BA-Eco-M43-F01","Praxisseminar","Prof. Dr. Tobias Börger","SoSe26"
"472","BA-Eco-M35-F01","Statistik II_1","Prof. Dr. Thomas Knispel","SoSe26"
"473","BA-Eco-M35-F01","Statistik II_2","Prof. Dr. Markus Löcher","SoSe26"
"474","BA-Eco-M35-F01","Statistik II_3","Prof. Dr. rer. nat. Susanne Hannappel","SoSe26"
"475","BA-Eco-M34-F01","Statistik I","Prof. Dr. Edin Basic","SoSe26"
"476","BA-Eco-M33-F01","Wirtschaftsmathematik","Gunda-Alexandra Detmers","SoSe26"
"477","BA-Eco-M17-F01","Behavioral Economics","Prof. Dr. Tim Lohse / Prof. Dr. Salmai Qari","SoSe26"
"478","BA-Eco-M13-F01","European Economic Policy","Dr. habil. Elke Muchlinski","SoSe26"
"479","BA-Eco-M10-F01","Theorie der Wirtschaftspolitik","Sarah Godar","SoSe26"
"480","BA-Eco-M08-F01","Angewandte Mikroökonomie","Prof. Dr. Tim Lohse","SoSe26"
"481","BA-Eco-M07-F01","National and International Financial Relations","Ayoze Alfageme","SoSe26"
"482","BA-Eco-M06-F01","Empirische Wirtschaftsforschung und Grundlagen der Ökonometrie 1","Prof. Dr. Salmai Qari","SoSe26"
"483","BA-Eco-M06-F01","Empirical Economic Research and Introductory Econometrics 2","Prof. Dr. Salmai Qari","SoSe26"
"484","BA-Eco-M04-F01","Mikroökonomie II","Dr. Enrico Böhme","SoSe26"
"485","BA-Eco-M01-F01","Einführung in das Volkswirtschaftsstudium","Prof. Dr. Tobias Börger","SoSe26"
"486","CAF-MM-F06","Welcome to the machine: KI-Tools für jeden Schritt im Marketing","Prof. Dr. Dirk-Mario Boltz","SoSe26"
"487","BA-BUS-M11-F01","Unternehmenssimulation und Teamentwicklung 1","Prof. Dr. rer. Christian Noss","SoSe26"
"488","BA-BUS-M11-F01","Unternehmenssimulation und Teamentwicklung 2","Prof. Dr. B. Peter Utzig / Prof. Dr. Frank Witte","SoSe26"
"489","BA-BUS-M11-F01","Unternehmenssimulation und Teamentwicklung 3","Prof. Dr. B. Peter Utzig / Prof. Dr. Frank Witte","SoSe26"
"490","BA-BUS-M11-F01","Unternehmenssimulation und Teamentwicklung 4","Prof. Dr. rer. Christian Noss / Prof. Dr. Martina Eberl","SoSe26"
"491","BA-BUS-M11-F01","Unternehmenssimulation und Teamentwicklung 5","Prof. Dr. Thomas Wolke","SoSe26"
"492","BA-BUS-M11-F01","Unternehmenssimulation und Teamentwicklung 6","Prof. Dr. rer. Christian Noss / Prof. Dr. Katrin Böttcher","SoSe26"
"493","BA-BUS-M11-F01","Unternehmenssimulation und Teamentwicklung 7","Prof. Dr. rer. Christian Noss","SoSe26"
"494","BA-BUS-M11-F01","Unternehmenssimulation und Teamentwicklung 8","Prof. Dr. rer. Sabine Haller / Prof. Dr. Tobias Braun","SoSe26"
"495","BUS-MSQ-F01","Selbstmanagement 1","Dietrich Wolbert","SoSe26"
"496","BUS-MSQ-F01","Selbstmanagement 2","Dietrich Wolbert","SoSe26"
"497","BUS-MSQ-F01","Selbstmanagement 3","Sandra Mihailovic","SoSe26"
"498","BUS-MSQ-F01","Selbstmanagement 4","Ina Brodersen","SoSe26"
"499","BUS-MSQ-F01","Self Management 5","Dr. Martina Heike Schubert / Dr. Gregor Wittke","SoSe26"
"500","BUS-MSQ-F02","Kommunikation und Präsentation 1","Siegrid Nordhausen","SoSe26"
"501","BUS-MSQ-F02","Kommunikation und Präsentation 2","Dr. Sabine Vollmert-Spiesky","SoSe26"
"502","BUS-MSQ-F02","Kommunikation und Präsentation 3 Blended","Aleksandra Skoric","SoSe26"
"503","BUS-MSQ-F04","Tabellenkalkulation für Entscheidungen in der Wirtschaft (Excel) 1","Prof. Dr. Monika Huesmann","SoSe26"
"504","BUS-MSQ-F04","Tabellenkalkulation für Entscheidungen in der Wirtschaft (Excel) 2","Prof. Dr. Thomas Wolke","SoSe26"
"505","BUS-MSQ-F04","Tabellenkalkulation für Entscheidungen in der Wirtschaft (Excel) 3 Blended","Prof. Dr. Axel Zernack","SoSe26"
"506","BUS-MSQ-F03","Agiles Projektmanagement 1","Julia Puki","SoSe26"
"507","BUS-MSQ-F03","Agiles Projektmanagement 2","Annette Schalla","SoSe26"
"508","BUS-MSQ-F03","Agiles Projektmanagement 3","Stefan Grave","SoSe26"
"509","BUS-MSQ-F03","Agiles Projektmanagement 4 Blended","Stefan Grave","SoSe26"
"510","BUS-MSQ-F05","Gesprächsführung 1","Jacqueline Grassmé-Grave / Stefan Grave","SoSe26"
"511","BUS-MSQ-F05","Gesprächsführung 2","Ulrike Kiewitt","SoSe26"
"512","BUS-MSQ-F05","Gesprächsführung 3","Dr. Sabine Vollmert-Spiesky","SoSe26"
"513","BUS-MSQ-F06","Interkulturelle Kompetenz 1","Tanja Nettelnstroth","SoSe26"
"514","BUS-MSQ-F06","Intercultural Competence 2","Saskia Vellguth","SoSe26"
"515","BUS-MSQ-F06","Interkulturelle Kompetenz 3 Blended","Dr. Martina Heike Schubert / Dr. Gregor Wittke","SoSe26"
"516","BUS-MSQ-F07","Improve-Präsentationstraining/ Improvisationstheater 1","Angeline Heilfort","SoSe26"
"517","BUS-MSQ-F08","Design Thinking 1","Sarah Ben Bernou","SoSe26"
"518","BUS-MSQ-F08","Design Thinking 2","Michael Metzger","SoSe26"
"519","BUS-MSQ-F08","Design Thinking 3","Kerstin Buschbeck","SoSe26"
"520","BUS-MSQ-F09","Grundlagen der Digitalisierung 1","Prof. Dr. Katrin Böttcher","SoSe26"
"521","BUS-MSQ-F09","Grundlagen der Digitalisierung 2","Marian Felkel","SoSe26"
"522","BUS-MSQ-F09","Grundlagen der Digitalisierung 3","Marian Felkel","SoSe26"
"523","BUS-MSQ-F10","Visual Thinking for Business 1","Philip McClenaghan","SoSe26"
"524","BUS-MSQ-F10","Visual Thinking for Business 2","Philip McClenaghan","SoSe26"
"525","BUS-MSQ-F11","International Project Management 1","Sakib Mehanovic","SoSe26"
"526","BUS-MSQ-F11","International Project Management 2 Blended","Sakib Mehanovic","SoSe26"
"527","BUS-MSQ-F12","Generative AI 1","Tore Reimers","SoSe26"
"528","BUS-MSQ-F12","Generative AI 2","Dr. rer. pol. Paul Walter","SoSe26"
"529","BUS-MSQ-F12","Generative AI 3","Jonas Eberlein","SoSe26"
"530","BUS-MSQ-F12","Generative AI 4","Christian Klang","SoSe26"
"531","BUS-M39-F01","Praxisseminar 8","Prof. Dr. Jochen Breinlinger-O'Reilly","SoSe26"
"532","CAF-MBS-F02","Ausgewählte Fragen der Unternehmensbesteuerung","Prof. Dr. Wojciech Stiller","SoSe26"
"533","BA-Eco-M14-F01","Märkte, Wettbewerb und Regulierung","Prof. Dr. Andreas Polk","SoSe26"
"534","BA-BUS-MSQ-F07","Improve-Präsentationstraining/ Improvisationstheater","Angeline Heilfort","SoSe26"
"535","BUS-MSQ-F01","Selbstmanagement 6 Blended","Mona Katzenberger","SoSe26"
"536","BUS-MSQ-F12","Generative AI 5 Blended","Tore Reimers","SoSe26"
"537","IBMAN-MI-F13","Management Issues: Project Management","Andreas Imthurn","SoSe26"
"538","IBMAN-MI-F09","Management Issues: Entrepreneurship","Prof. Dr. rer. Sven Ripsas","SoSe26"
"539","MPE-M01-F23","Strategic Responsible Transformation","Prof. Dr. Matthias Tomenendal","SoSe26"
"540","BA-BUS-M27-F01","Wirtschaftsmathematik 7 - Nachzügler","","SoSe26"
"541","CAF-MSCOM-F08","Nachhaltige Planung und Optimierung logistischer Systeme im Supply Chain Management","Prof. Dr. Marc Rothländer","SoSe26"
"542","BUS-M12-F01","Seminar 10 - KI, Automatisierung, Plattformökonomie","Jonny Bix Bongers","SoSe26"
"543","BUS-M10-F01","Operations Management 4 (Englisch)","Martin Bodo Pruy","SoSe26"
"544","BA-BUS-M08-F01","Instrumente des Controllings 8","Martin Bodo Pruy","SoSe26"
"545","BUS-M12-F01","Seminar 11 - Empirische Finanzmarktforschung","Dr. Stefan Paulus","SoSe26"
"546","BA-ISUM-M11-F01","Sustainable Operations Management II","Prof. Dr. Eberhard Schmid","SoSe26"
"547","BA-ISUM-M14-F01","Integrated Sustainability Reporting","Prof. Dr. Annett Baumast","SoSe26"
"548","BA-ISUM-M17-F01","Statistics & Applications in Data Science","Prof. Dr. Maria Osipenko / Fanqi Meng","SoSe26"
"549","BA-ISUM-M22-F01","Entrepreneurial Project III","Prof. Dr. Barbara Beham / Prof. Dr. rer. Sven Ripsas / Sylvia Krepska","SoSe26"
"550","BA-ISUM-M24-F01","Storytelling for Business & Business Ethics","Prof. Dr. Katja Andresen / Jonny Bix Bongers","SoSe26"
"551","BA-ISUM-M09-F01","Sustainability Marketing","Julia Hüller","SoSe26"
"552","BA-ISUM-M23-F01","Academic Writing & Managing Complexity 1","Martin Castro / Prof. Dr. Tobias Braun","SoSe26"
"553","BA-ISUM-M21-F04","Entrepreneurial Project II","Dr. Yana Heussen / Maximilian Mauracher","SoSe26"
"554","BA-ISUM-M23-F01","Academic Writing & Managing Complexity 2","Dr. Katharina Maak-Castro / Prof. Dr. Tobias Braun","SoSe26"
"555","WiRecht-M39-F02","English for Business Law: Common Law Cases","Prof. Dr. Torsten Straub","SoSe26"
"556","WiRecht-M39-F01","English for Business Law: English Legal System","Prof. Dr. Torsten Straub","SoSe26"
"557","WiRecht-M09-F01","Vertiefung Zivilrecht","Prof. Dr. Sebastian Schunke","SoSe26"
"558","WiRecht-M41-F01","Praxisseminar","Prof. Dr. Sebastian Schunke","SoSe26"
"559","WiRecht-M06-F02","Recht im Unternehmen (Gesellschaftsrecht I)","Julia Preußer","SoSe26"
"560","WiRecht-M06-F01","Recht im Unternehmen (Arbeitsrecht I)","Prof. Dr. Reingard Zimmer","SoSe26"
"561","WiRecht-M04-F01","Zivilrecht III","Prof. Dr. Sebastian Schunke","SoSe26"
"562","WiRecht-M05-F01","Zivilrecht IV","Prof. Dr. Arnold Lehmann-Richter","SoSe26"
"563","WiRecht-M12-F01","Wirtschaftsstrafrecht","Alexander Sättele","SoSe26"
"564","WiRecht-M23-F01","Bank- und Kreditsicherungsrecht","Prof. Dr. Julia Klauer","SoSe26"
"565","WiRecht-M08-F01","Gesellschaftsrecht II","Julia Preußer","SoSe26"
"566","WiRecht-M21-F01","Europäisches Wirtschaftsrecht","Prof. Dr. Torsten Straub","SoSe26"
"567","WiRecht-M07-F01","Arbeitsrecht II","Prof. Dr. Stefanie Lorenzen","SoSe26"
"568","WiRecht-M24-F01","Praktische Anwendungen des Wirtschaftsrechts","Prof. Dr. Torsten Straub","SoSe26"
"569","WiRecht-M03-F01","Zivilrecht II","Prof. Dr. Arnold Lehmann-Richter","SoSe26"
"570","WiRecht-M35-F01","Statistik","Dr. Michael Schlegel","SoSe26"
"571","WiRecht-M11-F02","Öffentliches Wirtschaftsrecht","Prof. Dr. Johannes Schäffer / Nina Tippmann","SoSe26"
"572","WiRecht-M01-F01","Einführung in das Studium","Prof. Dr. Sebastian Schunke","SoSe26"
"573","WiRecht-M34-F01","Volkswirtschaftliche Rahmenbedingungen","Dr. Sylvi Rzepka","SoSe26"
"574","WiRecht-M02-F01","Zivilrecht I","Julia Preußer","SoSe26"
"575","BA-WiIng-M32-F01","Projektmanagement und Fallstudien","Frank Hinrichs / Charlotte Ritter","SoSe26"
"576","BA-WiIng-M33-F01","Unternehmenssimulation mit Teamentwicklung und Supervision 1","Prof. Dr. rer. Christian Noss / Susanne Schubert","SoSe26"
"577","BA-WiIng-M34-F01","Strategische Finanzplanung und Bewertung","Prof. Dr. Frank Witte","SoSe26"
"578","BA-WiIng-M36-F01","Nachhaltiges Operations Management II","Prof. Dr. Eberhard Schmid","SoSe26"
"579","BA-WiIng-M37-F01","Analyse unternehmerischer Nachhaltigkeit","Prof. Dr. Annett Baumast","SoSe26"
"580","BA-WiIng-M21-F01","Statistik","Dr. Hartmut Bauer","SoSe26"
"581","BA-WiIng-M22-F01","Investition und Finanzierung","Prof. Dr. Axel Hellmann","SoSe26"
"582","BA-WiIng-M07-F02","Business English II","Sandra Baker","SoSe26"
"583","BA-WiIng-M07-F03","Business English III","Sandra Baker","SoSe26"
"584","BA-WiIng-M08-F01","Einführung in die Umweltökonomie und nachhaltige Entwicklung","Gerrit von Jorck","SoSe26"
"585","BA-WiIng-M09-F01","Marketing","Prof. Dr. rer. Harald Rüggeberg","SoSe26"
"586","BA-WiIng-M33-F01","Unternehmenssimulation mit Teamentwicklung und Supervision 2","Robert Dabitz / Sandra Fanroth","SoSe26"
